{
  "name": "RangerOS-Development",
  "path": "/Users/ranger/.local/share/code-server/User/Workspaces/RangerOS-Development.code-workspace",
  "config": {
    "folders": [
      {
        "path": "/Users/ranger/scripts/Rangers_Stuff/browser-2025/RangerOS"
      },
      {
        "path": "/Users/ranger/.zshrc_aliases_folder"
      }
    ],
    "settings": {
      "terminal.integrated.cwd": "/Users/ranger/scripts/Rangers_Stuff/browser-2025/RangerOS",
      "files.watcherExclude": {
        "**/.git/**": true,
        "**/node_modules/**": true
      },
      "workbench.editor.enablePreview": false,
      "workbench.startupEditor": "newUntitledFile"
    },
    "extensions": {
      "recommendations": [
        "ms-python.python",
        "anthropic.claude-code"
      ]
    }
  },
  "last_modified": "2025-09-08T06:51:12.249652"
}