{
  "capture_time": "20250915_234031",
  "capture_reason": "macos_reboot_preparation",
  "sessions": [
    {
      "pid": "25360",
      "command": "python3 /Users/ranger/scripts/Rangers_Stuff/browser-2025/RangerOS/11-memory/vscode_session_capture.py",
      "working_directory": "/",
      "capture_time": "20250915_234031",
      "open_files": []
    },
    {
      "pid": "2353",
      "command": "/opt/homebrew/Cellar/node@22/22.19.0/bin/node /opt/homebrew/Cellar/code-server/4.103.2/libexec/lib/vscode/out/bootstrap-fork --type=ptyHost --logsPath /Users/ranger/.local/share/code-server/logs/20250908T005353",
      "working_directory": "/",
      "capture_time": "20250915_234031",
      "open_files": []
    },
    {
      "pid": "17649",
      "command": "/System/Library/Frameworks/VideoToolbox.framework/Versions/A/XPCServices/VTDecoderXPCService.xpc/Contents/MacOS/VTDecoderXPCService",
      "working_directory": "/",
      "capture_time": "20250915_234031",
      "open_files": []
    },
    {
      "pid": "11050",
      "command": "/System/Library/PrivateFrameworks/RemoteManagement.framework/XPCServices/PasscodeSettingsSubscriber.xpc/Contents/MacOS/PasscodeSettingsSubscriber",
      "working_directory": "/",
      "capture_time": "20250915_234031",
      "open_files": []
    },
    {
      "pid": "11032",
      "command": "/System/Library/PrivateFrameworks/RemoteManagement.framework/XPCServices/PasscodeSettingsSubscriber.xpc/Contents/MacOS/PasscodeSettingsSubscriber",
      "working_directory": "/",
      "capture_time": "20250915_234031",
      "open_files": []
    },
    {
      "pid": "36126",
      "command": "/System/Library/Frameworks/VideoToolbox.framework/Versions/A/XPCServices/VTDecoderXPCService.xpc/Contents/MacOS/VTDecoderXPCService",
      "working_directory": "/",
      "capture_time": "20250915_234031",
      "open_files": []
    },
    {
      "pid": "73869",
      "command": "/System/Library/Frameworks/VideoToolbox.framework/Versions/A/XPCServices/VTDecoderXPCService.xpc/Contents/MacOS/VTDecoderXPCService",
      "working_directory": "/",
      "capture_time": "20250915_234031",
      "open_files": []
    },
    {
      "pid": "1483",
      "command": "/opt/homebrew/Cellar/node@22/22.19.0/bin/node /opt/homebrew/Cellar/code-server/4.103.2/libexec/out/node/entry",
      "working_directory": "/",
      "capture_time": "20250915_234031",
      "open_files": [
        {
          "file_path": "/Users/ranger/scripts/Rangers_Stuff/browser-2025/RangerOS/.vscode/settings.json",
          "file_name": "settings.json",
          "file_size": 212,
          "last_modified": 1757294821.0377166
        },
        {
          "file_path": "/Users/ranger/.local/share/code-server/extensions/extensions.json",
          "file_name": "extensions.json",
          "file_size": 7074,
          "last_modified": 1757890324.5004501
        },
        {
          "file_path": "/Users/ranger/.local/share/code-server/User/settings.json",
          "file_name": "settings.json",
          "file_size": 1490,
          "last_modified": 1757294596.2893531
        },
        {
          "file_path": "/Users/ranger/.cursor/mcp.json",
          "file_name": "mcp.json",
          "file_size": 1038,
          "last_modified": 1746719318.2844944
        },
        {
          "file_path": "/Users/ranger/scripts/Rangers_Stuff/browser-2025/RangerOS/.vscode/settings.json",
          "file_name": "settings.json",
          "file_size": 212,
          "last_modified": 1757294821.0377166
        },
        {
          "file_path": "/Users/ranger/.local/share/code-server/User/settings.json",
          "file_name": "settings.json",
          "file_size": 1490,
          "last_modified": 1757294596.2893531
        },
        {
          "file_path": "/Users/ranger/.local/share/code-server/User/settings.json",
          "file_name": "settings.json",
          "file_size": 1490,
          "last_modified": 1757294596.2893531
        },
        {
          "file_path": "/Users/ranger/.cursor/mcp.json",
          "file_name": "mcp.json",
          "file_size": 1038,
          "last_modified": 1746719318.2844944
        },
        {
          "file_path": "/Users/ranger/.cursor/mcp.json",
          "file_name": "mcp.json",
          "file_size": 1038,
          "last_modified": 1746719318.2844944
        },
        {
          "file_path": "/Users/ranger/.local/share/code-server/User/settings.json",
          "file_name": "settings.json",
          "file_size": 1490,
          "last_modified": 1757294596.2893531
        },
        {
          "file_path": "/Users/ranger/.local/share/code-server/User/settings.json",
          "file_name": "settings.json",
          "file_size": 1490,
          "last_modified": 1757294596.2893531
        },
        {
          "file_path": "/Users/ranger/.local/share/code-server/User/settings.json",
          "file_name": "settings.json",
          "file_size": 1490,
          "last_modified": 1757294596.2893531
        },
        {
          "file_path": "/Users/ranger/.local/share/code-server/User/settings.json",
          "file_name": "settings.json",
          "file_size": 1490,
          "last_modified": 1757294596.2893531
        },
        {
          "file_path": "/Users/ranger/.local/share/code-server/User/settings.json",
          "file_name": "settings.json",
          "file_size": 1490,
          "last_modified": 1757294596.2893531
        },
        {
          "file_path": "/Users/ranger/scripts/Rangers_Stuff/browser-2025/RangerOS/.vscode/settings.json",
          "file_name": "settings.json",
          "file_size": 212,
          "last_modified": 1757294821.0377166
        },
        {
          "file_path": "/Users/ranger/.cursor/mcp.json",
          "file_name": "mcp.json",
          "file_size": 1038,
          "last_modified": 1746719318.2844944
        },
        {
          "file_path": "/Users/ranger/.cursor/mcp.json",
          "file_name": "mcp.json",
          "file_size": 1038,
          "last_modified": 1746719318.2844944
        },
        {
          "file_path": "/Users/ranger/scripts/Rangers_Stuff/browser-2025/RangerOS/.vscode/settings.json",
          "file_name": "settings.json",
          "file_size": 212,
          "last_modified": 1757294821.0377166
        },
        {
          "file_path": "/Users/ranger/.local/share/code-server/User/settings.json",
          "file_name": "settings.json",
          "file_size": 1490,
          "last_modified": 1757294596.2893531
        },
        {
          "file_path": "/Users/ranger/scripts/Rangers_Stuff/browser-2025/RangerOS/.vscode/settings.json",
          "file_name": "settings.json",
          "file_size": 212,
          "last_modified": 1757294821.0377166
        },
        {
          "file_path": "/Users/ranger/.cursor/mcp.json",
          "file_name": "mcp.json",
          "file_size": 1038,
          "last_modified": 1746719318.2844944
        },
        {
          "file_path": "/Users/ranger/scripts/Rangers_Stuff/browser-2025/RangerOS/.vscode/settings.json",
          "file_name": "settings.json",
          "file_size": 212,
          "last_modified": 1757294821.0377166
        },
        {
          "file_path": "/Users/ranger/.cursor/mcp.json",
          "file_name": "mcp.json",
          "file_size": 1038,
          "last_modified": 1746719318.2844944
        },
        {
          "file_path": "/Users/ranger/.local/share/code-server/User/settings.json",
          "file_name": "settings.json",
          "file_size": 1490,
          "last_modified": 1757294596.2893531
        },
        {
          "file_path": "/Users/ranger/.local/share/code-server/User/settings.json",
          "file_name": "settings.json",
          "file_size": 1490,
          "last_modified": 1757294596.2893531
        },
        {
          "file_path": "/Users/ranger/scripts/Rangers_Stuff/browser-2025/RangerOS/.vscode/settings.json",
          "file_name": "settings.json",
          "file_size": 212,
          "last_modified": 1757294821.0377166
        },
        {
          "file_path": "/Users/ranger/.local/share/code-server/User/settings.json",
          "file_name": "settings.json",
          "file_size": 1490,
          "last_modified": 1757294596.2893531
        },
        {
          "file_path": "/Users/ranger/.cursor/mcp.json",
          "file_name": "mcp.json",
          "file_size": 1038,
          "last_modified": 1746719318.2844944
        },
        {
          "file_path": "/Users/ranger/.local/share/code-server/User/settings.json",
          "file_name": "settings.json",
          "file_size": 1490,
          "last_modified": 1757294596.2893531
        },
        {
          "file_path": "/Users/ranger/scripts/Rangers_Stuff/browser-2025/RangerOS/.vscode/settings.json",
          "file_name": "settings.json",
          "file_size": 212,
          "last_modified": 1757294821.0377166
        },
        {
          "file_path": "/Users/ranger/.local/share/code-server/User/settings.json",
          "file_name": "settings.json",
          "file_size": 1490,
          "last_modified": 1757294596.2893531
        },
        {
          "file_path": "/Users/ranger/.cursor/mcp.json",
          "file_name": "mcp.json",
          "file_size": 1038,
          "last_modified": 1746719318.2844944
        },
        {
          "file_path": "/Users/ranger/.cursor/mcp.json",
          "file_name": "mcp.json",
          "file_size": 1038,
          "last_modified": 1746719318.2844944
        },
        {
          "file_path": "/Users/ranger/scripts/Rangers_Stuff/browser-2025/RangerOS/.vscode/settings.json",
          "file_name": "settings.json",
          "file_size": 212,
          "last_modified": 1757294821.0377166
        },
        {
          "file_path": "/Users/ranger/.cursor/mcp.json",
          "file_name": "mcp.json",
          "file_size": 1038,
          "last_modified": 1746719318.2844944
        },
        {
          "file_path": "/Users/ranger/scripts/Rangers_Stuff/browser-2025/RangerOS/.vscode/settings.json",
          "file_name": "settings.json",
          "file_size": 212,
          "last_modified": 1757294821.0377166
        },
        {
          "file_path": "/Users/ranger/.cursor/mcp.json",
          "file_name": "mcp.json",
          "file_size": 1038,
          "last_modified": 1746719318.2844944
        },
        {
          "file_path": "/Users/ranger/.local/share/code-server/User/settings.json",
          "file_name": "settings.json",
          "file_size": 1490,
          "last_modified": 1757294596.2893531
        },
        {
          "file_path": "/Users/ranger/scripts/Rangers_Stuff/browser-2025/RangerOS/.vscode/settings.json",
          "file_name": "settings.json",
          "file_size": 212,
          "last_modified": 1757294821.0377166
        },
        {
          "file_path": "/Users/ranger/scripts/Rangers_Stuff/browser-2025/RangerOS/.vscode/settings.json",
          "file_name": "settings.json",
          "file_size": 212,
          "last_modified": 1757294821.0377166
        },
        {
          "file_path": "/Users/ranger/.cursor/mcp.json",
          "file_name": "mcp.json",
          "file_size": 1038,
          "last_modified": 1746719318.2844944
        },
        {
          "file_path": "/Users/ranger/scripts/Rangers_Stuff/browser-2025/RangerOS/.vscode/settings.json",
          "file_name": "settings.json",
          "file_size": 212,
          "last_modified": 1757294821.0377166
        },
        {
          "file_path": "/Users/ranger/.local/share/code-server/User/settings.json",
          "file_name": "settings.json",
          "file_size": 1490,
          "last_modified": 1757294596.2893531
        },
        {
          "file_path": "/Users/ranger/.cursor/mcp.json",
          "file_name": "mcp.json",
          "file_size": 1038,
          "last_modified": 1746719318.2844944
        },
        {
          "file_path": "/Users/ranger/.cursor/mcp.json",
          "file_name": "mcp.json",
          "file_size": 1038,
          "last_modified": 1746719318.2844944
        },
        {
          "file_path": "/Users/ranger/scripts/Rangers_Stuff/browser-2025/RangerOS/.vscode/settings.json",
          "file_name": "settings.json",
          "file_size": 212,
          "last_modified": 1757294821.0377166
        },
        {
          "file_path": "/Users/ranger/.local/share/code-server/User/settings.json",
          "file_name": "settings.json",
          "file_size": 1490,
          "last_modified": 1757294596.2893531
        },
        {
          "file_path": "/Users/ranger/scripts/Rangers_Stuff/browser-2025/RangerOS/.vscode/settings.json",
          "file_name": "settings.json",
          "file_size": 212,
          "last_modified": 1757294821.0377166
        },
        {
          "file_path": "/Users/ranger/.local/share/code-server/User/settings.json",
          "file_name": "settings.json",
          "file_size": 1490,
          "last_modified": 1757294596.2893531
        },
        {
          "file_path": "/Users/ranger/scripts/Rangers_Stuff/browser-2025/RangerOS/.vscode/settings.json",
          "file_name": "settings.json",
          "file_size": 212,
          "last_modified": 1757294821.0377166
        },
        {
          "file_path": "/opt/homebrew/Cellar/code-server/4.103.2/libexec/lib/vscode/out/vs/workbench/contrib/webview/browser/pre/fake.html",
          "file_name": "fake.html",
          "file_size": 188,
          "last_modified": 499162500.0
        },
        {
          "file_path": "/Users/ranger/.cursor/mcp.json",
          "file_name": "mcp.json",
          "file_size": 1038,
          "last_modified": 1746719318.2844944
        },
        {
          "file_path": "/Users/ranger/.cursor/mcp.json",
          "file_name": "mcp.json",
          "file_size": 1038,
          "last_modified": 1746719318.2844944
        },
        {
          "file_path": "/Users/ranger/.cursor/mcp.json",
          "file_name": "mcp.json",
          "file_size": 1038,
          "last_modified": 1746719318.2844944
        },
        {
          "file_path": "/opt/homebrew/Cellar/code-server/4.103.2/libexec/lib/vscode/out/vs/workbench/contrib/webview/browser/pre/fake.html",
          "file_name": "fake.html",
          "file_size": 188,
          "last_modified": 499162500.0
        },
        {
          "file_path": "/Users/ranger/.local/share/code-server/User/settings.json",
          "file_name": "settings.json",
          "file_size": 1490,
          "last_modified": 1757294596.2893531
        },
        {
          "file_path": "/Users/ranger/scripts/Rangers_Stuff/browser-2025/RangerOS/.vscode/settings.json",
          "file_name": "settings.json",
          "file_size": 212,
          "last_modified": 1757294821.0377166
        },
        {
          "file_path": "/Users/ranger/.local/share/code-server/User/settings.json",
          "file_name": "settings.json",
          "file_size": 1490,
          "last_modified": 1757294596.2893531
        },
        {
          "file_path": "/Users/ranger/.cursor/mcp.json",
          "file_name": "mcp.json",
          "file_size": 1038,
          "last_modified": 1746719318.2844944
        },
        {
          "file_path": "/Users/ranger/scripts/Rangers_Stuff/browser-2025/RangerOS/.vscode/settings.json",
          "file_name": "settings.json",
          "file_size": 212,
          "last_modified": 1757294821.0377166
        },
        {
          "file_path": "/Users/ranger/.cursor/mcp.json",
          "file_name": "mcp.json",
          "file_size": 1038,
          "last_modified": 1746719318.2844944
        },
        {
          "file_path": "/Users/ranger/.local/share/code-server/User/settings.json",
          "file_name": "settings.json",
          "file_size": 1490,
          "last_modified": 1757294596.2893531
        },
        {
          "file_path": "/Users/ranger/scripts/Rangers_Stuff/browser-2025/RangerOS/.vscode/settings.json",
          "file_name": "settings.json",
          "file_size": 212,
          "last_modified": 1757294821.0377166
        },
        {
          "file_path": "/Users/ranger/.cursor/mcp.json",
          "file_name": "mcp.json",
          "file_size": 1038,
          "last_modified": 1746719318.2844944
        },
        {
          "file_path": "/Users/ranger/.local/share/code-server/User/settings.json",
          "file_name": "settings.json",
          "file_size": 1490,
          "last_modified": 1757294596.2893531
        },
        {
          "file_path": "/Users/ranger/.local/share/code-server/User/settings.json",
          "file_name": "settings.json",
          "file_size": 1490,
          "last_modified": 1757294596.2893531
        },
        {
          "file_path": "/Users/ranger/scripts/Rangers_Stuff/browser-2025/RangerOS/.vscode/settings.json",
          "file_name": "settings.json",
          "file_size": 212,
          "last_modified": 1757294821.0377166
        },
        {
          "file_path": "/Users/ranger/.local/share/code-server/User/settings.json",
          "file_name": "settings.json",
          "file_size": 1490,
          "last_modified": 1757294596.2893531
        },
        {
          "file_path": "/Users/ranger/.cursor/mcp.json",
          "file_name": "mcp.json",
          "file_size": 1038,
          "last_modified": 1746719318.2844944
        },
        {
          "file_path": "/Users/ranger/.local/share/code-server/User/settings.json",
          "file_name": "settings.json",
          "file_size": 1490,
          "last_modified": 1757294596.2893531
        },
        {
          "file_path": "/Users/ranger/.local/share/code-server/User/settings.json",
          "file_name": "settings.json",
          "file_size": 1490,
          "last_modified": 1757294596.2893531
        },
        {
          "file_path": "/Users/ranger/scripts/Rangers_Stuff/browser-2025/RangerOS/.vscode/settings.json",
          "file_name": "settings.json",
          "file_size": 212,
          "last_modified": 1757294821.0377166
        },
        {
          "file_path": "/Users/ranger/.local/share/code-server/User/settings.json",
          "file_name": "settings.json",
          "file_size": 1490,
          "last_modified": 1757294596.2893531
        },
        {
          "file_path": "/Users/ranger/scripts/Rangers_Stuff/browser-2025/RangerOS/.vscode/settings.json",
          "file_name": "settings.json",
          "file_size": 212,
          "last_modified": 1757294821.0377166
        },
        {
          "file_path": "/Users/ranger/scripts/Rangers_Stuff/browser-2025/RangerOS/.vscode/settings.json",
          "file_name": "settings.json",
          "file_size": 212,
          "last_modified": 1757294821.0377166
        },
        {
          "file_path": "/Users/ranger/.cursor/mcp.json",
          "file_name": "mcp.json",
          "file_size": 1038,
          "last_modified": 1746719318.2844944
        },
        {
          "file_path": "/Users/ranger/.local/share/code-server/User/settings.json",
          "file_name": "settings.json",
          "file_size": 1490,
          "last_modified": 1757294596.2893531
        },
        {
          "file_path": "/Users/ranger/.local/share/code-server/User/settings.json",
          "file_name": "settings.json",
          "file_size": 1490,
          "last_modified": 1757294596.2893531
        },
        {
          "file_path": "/Users/ranger/scripts/Rangers_Stuff/browser-2025/RangerOS/.vscode/settings.json",
          "file_name": "settings.json",
          "file_size": 212,
          "last_modified": 1757294821.0377166
        },
        {
          "file_path": "/Users/ranger/scripts/Rangers_Stuff/browser-2025/RangerOS/.vscode/settings.json",
          "file_name": "settings.json",
          "file_size": 212,
          "last_modified": 1757294821.0377166
        },
        {
          "file_path": "/Users/ranger/.local/share/code-server/User/settings.json",
          "file_name": "settings.json",
          "file_size": 1490,
          "last_modified": 1757294596.2893531
        },
        {
          "file_path": "/Users/ranger/.local/share/code-server/User/settings.json",
          "file_name": "settings.json",
          "file_size": 1490,
          "last_modified": 1757294596.2893531
        },
        {
          "file_path": "/Users/ranger/.cursor/mcp.json",
          "file_name": "mcp.json",
          "file_size": 1038,
          "last_modified": 1746719318.2844944
        },
        {
          "file_path": "/Users/ranger/scripts/Rangers_Stuff/browser-2025/RangerOS/.vscode/settings.json",
          "file_name": "settings.json",
          "file_size": 212,
          "last_modified": 1757294821.0377166
        },
        {
          "file_path": "/Users/ranger/.cursor/mcp.json",
          "file_name": "mcp.json",
          "file_size": 1038,
          "last_modified": 1746719318.2844944
        },
        {
          "file_path": "/Users/ranger/.cursor/mcp.json",
          "file_name": "mcp.json",
          "file_size": 1038,
          "last_modified": 1746719318.2844944
        },
        {
          "file_path": "/Users/ranger/scripts/Rangers_Stuff/browser-2025/RangerOS/.vscode/settings.json",
          "file_name": "settings.json",
          "file_size": 212,
          "last_modified": 1757294821.0377166
        },
        {
          "file_path": "/Users/ranger/.local/share/code-server/User/settings.json",
          "file_name": "settings.json",
          "file_size": 1490,
          "last_modified": 1757294596.2893531
        },
        {
          "file_path": "/Users/ranger/scripts/Rangers_Stuff/browser-2025/RangerOS/.vscode/settings.json",
          "file_name": "settings.json",
          "file_size": 212,
          "last_modified": 1757294821.0377166
        },
        {
          "file_path": "/Users/ranger/scripts/Rangers_Stuff/browser-2025/RangerOS/.vscode/settings.json",
          "file_name": "settings.json",
          "file_size": 212,
          "last_modified": 1757294821.0377166
        },
        {
          "file_path": "/Users/ranger/scripts/Rangers_Stuff/browser-2025/RangerOS/.vscode/settings.json",
          "file_name": "settings.json",
          "file_size": 212,
          "last_modified": 1757294821.0377166
        },
        {
          "file_path": "/Users/ranger/.cursor/mcp.json",
          "file_name": "mcp.json",
          "file_size": 1038,
          "last_modified": 1746719318.2844944
        },
        {
          "file_path": "/Users/ranger/.local/share/code-server/User/settings.json",
          "file_name": "settings.json",
          "file_size": 1490,
          "last_modified": 1757294596.2893531
        },
        {
          "file_path": "/Users/ranger/.local/share/code-server/User/settings.json",
          "file_name": "settings.json",
          "file_size": 1490,
          "last_modified": 1757294596.2893531
        },
        {
          "file_path": "/Users/ranger/scripts/Rangers_Stuff/browser-2025/RangerOS/.vscode/settings.json",
          "file_name": "settings.json",
          "file_size": 212,
          "last_modified": 1757294821.0377166
        },
        {
          "file_path": "/Users/ranger/.cursor/mcp.json",
          "file_name": "mcp.json",
          "file_size": 1038,
          "last_modified": 1746719318.2844944
        },
        {
          "file_path": "/Users/ranger/.cursor/mcp.json",
          "file_name": "mcp.json",
          "file_size": 1038,
          "last_modified": 1746719318.2844944
        },
        {
          "file_path": "/Users/ranger/.cursor/mcp.json",
          "file_name": "mcp.json",
          "file_size": 1038,
          "last_modified": 1746719318.2844944
        },
        {
          "file_path": "/Users/ranger/scripts/Rangers_Stuff/browser-2025/RangerOS/.vscode/settings.json",
          "file_name": "settings.json",
          "file_size": 212,
          "last_modified": 1757294821.0377166
        },
        {
          "file_path": "/Users/ranger/.local/share/code-server/User/settings.json",
          "file_name": "settings.json",
          "file_size": 1490,
          "last_modified": 1757294596.2893531
        },
        {
          "file_path": "/Users/ranger/.cursor/mcp.json",
          "file_name": "mcp.json",
          "file_size": 1038,
          "last_modified": 1746719318.2844944
        },
        {
          "file_path": "/Users/ranger/scripts/Rangers_Stuff/browser-2025/RangerOS/.vscode/settings.json",
          "file_name": "settings.json",
          "file_size": 212,
          "last_modified": 1757294821.0377166
        },
        {
          "file_path": "/Users/ranger/.cursor/mcp.json",
          "file_name": "mcp.json",
          "file_size": 1038,
          "last_modified": 1746719318.2844944
        },
        {
          "file_path": "/Users/ranger/.local/share/code-server/User/settings.json",
          "file_name": "settings.json",
          "file_size": 1490,
          "last_modified": 1757294596.2893531
        },
        {
          "file_path": "/Users/ranger/.cursor/mcp.json",
          "file_name": "mcp.json",
          "file_size": 1038,
          "last_modified": 1746719318.2844944
        },
        {
          "file_path": "/Users/ranger/.cursor/mcp.json",
          "file_name": "mcp.json",
          "file_size": 1038,
          "last_modified": 1746719318.2844944
        },
        {
          "file_path": "/Users/ranger/scripts/Rangers_Stuff/browser-2025/RangerOS/.vscode/settings.json",
          "file_name": "settings.json",
          "file_size": 212,
          "last_modified": 1757294821.0377166
        },
        {
          "file_path": "/Users/ranger/.cursor/mcp.json",
          "file_name": "mcp.json",
          "file_size": 1038,
          "last_modified": 1746719318.2844944
        },
        {
          "file_path": "/Users/ranger/.cursor/mcp.json",
          "file_name": "mcp.json",
          "file_size": 1038,
          "last_modified": 1746719318.2844944
        }
      ]
    },
    {
      "pid": "879",
      "command": "/opt/homebrew/opt/node@22/bin/node /opt/homebrew/opt/code-server/bin/code-server",
      "working_directory": "/",
      "capture_time": "20250915_234031",
      "open_files": []
    }
  ],
  "total_windows": 9,
  "total_files": 109
}