{
  "capture_time": "20250915_234031",
  "workspaces": [
    {
      "workspace_id": "18b7dafbb6b3bccbab9dcd6c07e7a71d",
      "workspace_path": "/Users/ranger/Library/Application Support/Code/User/workspaceStorage/18b7dafbb6b3bccbab9dcd6c07e7a71d",
      "capture_time": "20250915_234031",
      "workspace_config": {
        "workspace": "file:///Volumes/KaliPro%201/Applications/Documents/Ranger_Python/Ranger_Python.code-workspace"
      }
    },
    {
      "workspace_id": "0797c4603af0e13eddd7bc534dd54319",
      "workspace_path": "/Users/ranger/Library/Application Support/Code/User/workspaceStorage/0797c4603af0e13eddd7bc534dd54319",
      "capture_time": "20250915_234031",
      "workspace_config": {
        "folder": "file:///Volumes/KaliPro/Applications/Documents/Ranger_Python/Python_Projects"
      }
    },
    {
      "workspace_id": "04c9e4572da9b3a7dafb00831dadfdef",
      "workspace_path": "/Users/ranger/Library/Application Support/Code/User/workspaceStorage/04c9e4572da9b3a7dafb00831dadfdef",
      "capture_time": "20250915_234031",
      "workspace_config": {
        "workspace": "file:///Volumes/KaliPro%201/Applications/Documents/Ranger_Python/Python_Projects/Ranger_Python.code-workspace"
      }
    },
    {
      "workspace_id": "2426921d48e9495d19851b7060d8444b",
      "workspace_path": "/Users/ranger/Library/Application Support/Code/User/workspaceStorage/2426921d48e9495d19851b7060d8444b",
      "capture_time": "20250915_234031",
      "workspace_config": {
        "workspace": "file:///Volumes/KaliPro/Applications/Documents/Ranger_Python/Python_Projects/Projects_2025/Python_Projects.code-workspace"
      }
    },
    {
      "workspace_id": "50e8040db16b0ee800893b3deaa79cfb",
      "workspace_path": "/Users/ranger/Library/Application Support/Code/User/workspaceStorage/50e8040db16b0ee800893b3deaa79cfb",
      "capture_time": "20250915_234031",
      "workspace_config": {
        "folder": "file:///Users/ranger/.cache/kagglehub/datasets/mohinurabdurahimova/maildataset/versions/1017"
      }
    },
    {
      "workspace_id": "82e41f7a8380ede5991c14ea3ce33071",
      "workspace_path": "/Users/ranger/Library/Application Support/Code/User/workspaceStorage/82e41f7a8380ede5991c14ea3ce33071",
      "capture_time": "20250915_234031",
      "workspace_config": {
        "workspace": "file:///Users/ranger/Library/Application%20Support/Code/Workspaces/1744035264200/workspace.json"
      }
    },
    {
      "workspace_id": "fa48bc0ff215f39f8c11ab207ffba7a8",
      "workspace_path": "/Users/ranger/Library/Application Support/Code/User/workspaceStorage/fa48bc0ff215f39f8c11ab207ffba7a8",
      "capture_time": "20250915_234031",
      "workspace_config": {
        "workspace": "file:///Volumes/KaliPro/Applications/Documents/Python_Projects/Ranger_Python/Ranger_Python.code-workspace"
      }
    },
    {
      "workspace_id": "0ebaee88e4fd96f7fddd3a22121a1a75",
      "workspace_path": "/Users/ranger/Library/Application Support/Code/User/workspaceStorage/0ebaee88e4fd96f7fddd3a22121a1a75",
      "capture_time": "20250915_234031",
      "workspace_config": {
        "folder": "file:///Users/ranger/Downloads"
      }
    },
    {
      "workspace_id": "a6cf50ad1ed64c42251823c9b441018d",
      "workspace_path": "/Users/ranger/Library/Application Support/Code/User/workspaceStorage/a6cf50ad1ed64c42251823c9b441018d",
      "capture_time": "20250915_234031",
      "workspace_config": {
        "workspace": "file:///Volumes/KaliPro/Applications/Documents/Ranger_Python/Ranger_Python.code-workspace"
      }
    },
    {
      "workspace_id": "400103ff6d5648489d77fe8fa9ee1e9e",
      "workspace_path": "/Users/ranger/Library/Application Support/Code/User/workspaceStorage/400103ff6d5648489d77fe8fa9ee1e9e",
      "capture_time": "20250915_234031",
      "workspace_config": {
        "folder": "file:///Users/ranger/.cache/kagglehub/datasets/programmerrdai/enron-emails-dataset-for-language-modeling/versions/1"
      }
    },
    {
      "workspace_id": "043dad6dd4d349f2f27a3ccde777cd46",
      "workspace_path": "/Users/ranger/Library/Application Support/Code/User/workspaceStorage/043dad6dd4d349f2f27a3ccde777cd46",
      "capture_time": "20250915_234031",
      "workspace_config": {
        "folder": "file:///Volumes/KaliPro/Applications/Documents/Python_Projects/Ranger_Python"
      }
    },
    {
      "workspace_id": "38363567b88964a6ad9e664ed0e18b16",
      "workspace_path": "/Users/ranger/Library/Application Support/Code/User/workspaceStorage/38363567b88964a6ad9e664ed0e18b16",
      "capture_time": "20250915_234031",
      "workspace_config": {
        "workspace": "file:///Volumes/Fanx4TB/Personal/workspaces-mac/Programming.code-workspace"
      }
    },
    {
      "workspace_id": "9649b96c83788c4015efebc6bb900066",
      "workspace_path": "/Users/ranger/Library/Application Support/Code/User/workspaceStorage/9649b96c83788c4015efebc6bb900066",
      "capture_time": "20250915_234031",
      "workspace_config": {
        "folder": "file:///Users/ranger/scripts/Rangers_Stuff/browser-2025/memory-prototype%203"
      }
    },
    {
      "workspace_id": "d11107f05ec00210f604a0d03b9bf50f",
      "workspace_path": "/Users/ranger/Library/Application Support/Code/User/workspaceStorage/d11107f05ec00210f604a0d03b9bf50f",
      "capture_time": "20250915_234031",
      "workspace_config": {
        "workspace": "file:///Volumes/KaliPro/Applications/Documents/Python_Projects/Ranger_Python/Rangers_projects/Ranger_Python.code-workspace"
      }
    },
    {
      "workspace_id": "b54a18f6fbdc5b61e751fcb6a2a0857b",
      "workspace_path": "/Users/ranger/Library/Application Support/Code/User/workspaceStorage/b54a18f6fbdc5b61e751fcb6a2a0857b",
      "capture_time": "20250915_234031",
      "workspace_config": {
        "workspace": "file:///Users/ranger/Library/Application%20Support/Code/Workspaces/1730804095687/workspace.json"
      }
    },
    {
      "workspace_id": "b2b3768b2b39d1051da56942baac9098",
      "workspace_path": "/Users/ranger/Library/Application Support/Code/User/workspaceStorage/b2b3768b2b39d1051da56942baac9098",
      "capture_time": "20250915_234031",
      "workspace_config": {
        "folder": "file:///Volumes/KaliPro/Applications/Documents/Ranger_Python/Python_Projects/Github_David/phone/PhoneBook-CLI"
      }
    },
    {
      "workspace_id": "9bd62c74427c472642792234318d8177",
      "workspace_path": "/Users/ranger/Library/Application Support/Code/User/workspaceStorage/9bd62c74427c472642792234318d8177",
      "capture_time": "20250915_234031",
      "workspace_config": {
        "folder": "file:///Users/ranger/.cache/kagglehub/datasets/wanderfj/enron-spam/versions/1"
      }
    },
    {
      "workspace_id": "e21aa399eed35fa72b38595cd06169f6",
      "workspace_path": "/Users/ranger/Library/Application Support/Code/User/workspaceStorage/e21aa399eed35fa72b38595cd06169f6",
      "capture_time": "20250915_234031",
      "workspace_config": {
        "folder": "file:///Users/ranger/.cache/kagglehub/datasets/kaggle/hillary-clinton-emails/versions/2"
      }
    },
    {
      "workspace_id": "905db1b2d1eb818868e39a95a883e1f9",
      "workspace_path": "/Users/ranger/Library/Application Support/Code/User/workspaceStorage/905db1b2d1eb818868e39a95a883e1f9",
      "capture_time": "20250915_234031",
      "workspace_config": {
        "folder": "vscode-vfs://github/davidtkeane/davidtkeane"
      }
    },
    {
      "workspace_id": "78b34af148238290897fb8342a2a5851",
      "workspace_path": "/Users/ranger/Library/Application Support/Code/User/workspaceStorage/78b34af148238290897fb8342a2a5851",
      "capture_time": "20250915_234031",
      "workspace_config": {
        "folder": "file:///Users/ranger/.cache/kagglehub/datasets/wcukierski/enron-email-dataset/versions/2"
      }
    },
    {
      "workspace_id": "82f07bd2c3f5b32aea29c1bb129d5409",
      "workspace_path": "/Users/ranger/Library/Application Support/Code/User/workspaceStorage/82f07bd2c3f5b32aea29c1bb129d5409",
      "capture_time": "20250915_234031",
      "workspace_config": {
        "folder": "file:///Volumes/KaliPro/Applications/Documents/Ranger_Python/Projects_2025/projects/projects_html/forgiveme.life"
      }
    },
    {
      "workspace_id": "3bb2a11d5e91ecfe8e09ff860be5deb5",
      "workspace_path": "/Users/ranger/Library/Application Support/Code/User/workspaceStorage/3bb2a11d5e91ecfe8e09ff860be5deb5",
      "capture_time": "20250915_234031",
      "workspace_config": {
        "workspace": "file:///Volumes/KaliPro/Applications/Documents/Ranger_Python/WorkSpaces/webpage_to_pdf.code-workspace"
      }
    },
    {
      "workspace_id": "b765dea06d63f0e4e200432fb1993eca",
      "workspace_path": "/Users/ranger/Library/Application Support/Code/User/workspaceStorage/b765dea06d63f0e4e200432fb1993eca",
      "capture_time": "20250915_234031",
      "workspace_config": {
        "folder": "vscode-remote://ssh-remote%2Bnvidia-pdf-to-podcast/home/ubuntu"
      }
    },
    {
      "workspace_id": "ed0a9415812f08e542145b0f2bfaeec1",
      "workspace_path": "/Users/ranger/Library/Application Support/Code/User/workspaceStorage/ed0a9415812f08e542145b0f2bfaeec1",
      "capture_time": "20250915_234031",
      "workspace_config": {
        "folder": "file:///Users/ranger/.cache/kagglehub/datasets/mrmorj/hate-speech-and-offensive-language-dataset/versions/1"
      }
    },
    {
      "workspace_id": "77d6ec8e648a2f4de2fe8c04679c0a06",
      "workspace_path": "/Users/ranger/Library/Application Support/Code/User/workspaceStorage/77d6ec8e648a2f4de2fe8c04679c0a06",
      "capture_time": "20250915_234031",
      "workspace_config": {
        "workspace": "file:///Volumes/KaliPro/Applications/Documents/workspaces-mac/Programming.code-workspace"
      }
    },
    {
      "workspace_id": "dd230c78da0e989b669396a003396f92",
      "workspace_path": "/Users/ranger/Library/Application Support/Code/User/workspaceStorage/dd230c78da0e989b669396a003396f92",
      "capture_time": "20250915_234031",
      "workspace_config": {
        "workspace": "file:///Users/ranger/scripts/Rangers_Stuff/browser-2025/RangerOS/10-rangeros-vision/wordpress_vscode/templates/wordpress-dev.code-workspace"
      }
    },
    {
      "workspace_id": "6ca617ee37018fba7a44cb24bf72c3b4",
      "workspace_path": "/Users/ranger/Library/Application Support/Code/User/workspaceStorage/6ca617ee37018fba7a44cb24bf72c3b4",
      "capture_time": "20250915_234031",
      "workspace_config": {
        "workspace": "file:///Volumes/KaliPro/Applications/Documents/Ranger_Python/Python_Projects.code-workspace"
      }
    },
    {
      "workspace_id": "082e7c4638bf1a6253d7394cd6e21839",
      "workspace_path": "/Users/ranger/Library/Application Support/Code/User/workspaceStorage/082e7c4638bf1a6253d7394cd6e21839",
      "capture_time": "20250915_234031",
      "workspace_config": {
        "folder": "file:///Volumes/KaliPro/Applications/Documents/Python_Projects/Ranger_Python/AI_Apps_GitHub/0_YouTube_Gits/crewAI_Projects"
      }
    },
    {
      "workspace_id": "99e20a1389b0a3a662ee2166ae5a59f0",
      "workspace_path": "/Users/ranger/Library/Application Support/Code/User/workspaceStorage/99e20a1389b0a3a662ee2166ae5a59f0",
      "capture_time": "20250915_234031",
      "workspace_config": {
        "workspace": "file:///Volumes/KaliPro/Applications/Documents/workspaces/Ranger_Python.code-workspace"
      }
    },
    {
      "workspace_id": "3f5c22175e46117038407c4975388084",
      "workspace_path": "/Users/ranger/Library/Application Support/Code/User/workspaceStorage/3f5c22175e46117038407c4975388084",
      "capture_time": "20250915_234031",
      "workspace_config": {
        "workspace": "file:///Users/ranger/Library/Application%20Support/Code/Workspaces/1726322933633/workspace.json"
      }
    },
    {
      "workspace_id": "fea80fb22e73384bc6c8c513b3d6eb1a",
      "workspace_path": "/Users/ranger/Library/Application Support/Code/User/workspaceStorage/fea80fb22e73384bc6c8c513b3d6eb1a",
      "capture_time": "20250915_234031",
      "workspace_config": {
        "workspace": "file:///Volumes/KaliPro/Applications/Documents/Ranger_Python/Python_Projects/Ranger_Python.code-workspace"
      }
    },
    {
      "workspace_id": "b24e215d6899f184b3fde4816dda4447",
      "workspace_path": "/Users/ranger/Library/Application Support/Code/User/workspaceStorage/b24e215d6899f184b3fde4816dda4447",
      "capture_time": "20250915_234031",
      "workspace_config": {
        "workspace": "file:///Users/ranger/Library/Application%20Support/Code/Workspaces/1742608632996/workspace.json"
      }
    },
    {
      "workspace_id": "3c7d53db30b1f1d2600ffefb3aa61556",
      "workspace_path": "/Users/ranger/Library/Application Support/Code/User/workspaceStorage/3c7d53db30b1f1d2600ffefb3aa61556",
      "capture_time": "20250915_234031",
      "workspace_config": {
        "folder": "file:///Volumes/KaliPro/Applications/Documents/Ranger_Python/Python_Projects/Langflow-RAG-Tutorial"
      }
    }
  ],
  "user_settings": {},
  "extensions": [
    "4bde9604-932c-638d-b5d2-db273992f59c.python-silver-pack",
    "aaron-bond.better-comments",
    "adamraichu.zip-viewer",
    "adamvoss.vscode-languagetool",
    "adamvoss.vscode-languagetool-en",
    "adrianwilczynski.terminal-commands",
    "akamud.vscode-theme-onelight",
    "alefragnani.project-manager",
    "alexcvzz.vscode-sqlite",
    "alexeyvax.vscode-open-native-terminal",
    "almenon.arepl",
    "analytic-signal.preview-mp4",
    "analytic-signal.preview-pdf",
    "anthropic.claude-code",
    "azuresdkteam.azurenodeessentials",
    "ban.spellright",
    "batisteo.vscode-django",
    "bierner.emojisense",
    "bierner.markdown-mermaid",
    "bierner.markdown-preview-github-styles",
    "bito.bito",
    "blackboxapp.blackbox",
    "bmalehorn.shell-syntax",
    "bmewburn.vscode-intelephense-client",
    "brpaz.vscode-obsidianmd",
    "castello-dev.bash-snippets",
    "charliermarsh.ruff",
    "codeium.codeium",
    "continue.continue",
    "cregg.solana-summer",
    "ctcuff.font-preview",
    "cweijan.vscode-office",
    "davidkeane.rangeros-tron-matrix",
    "deerawan.vscode-dash",
    "docker.docker",
    "donjayamanne.githistory",
    "donjayamanne.python-environment-manager",
    "donjayamanne.python-extension-pack",
    "ecmel.vscode-html-css",
    "formulahendry.code-runner",
    "formulahendry.terminal",
    "foxundermoon.shell-format",
    "genieai.chatgpt-vscode",
    "geriyoco.vscode-image-gallery",
    "gitbook.gitbook-vscode",
    "github.codespaces",
    "github.copilot",
    "github.copilot-chat",
    "github.github-vscode-theme",
    "github.remotehub",
    "github.vscode-github-actions",
    "github.vscode-pull-request-github",
    "golang.go",
    "google.gemini-cli-vscode-ide-companion",
    "google.geminicodeassist",
    "grapecity.gc-excelviewer",
    "green-csv.img-contextual",
    "gruntfuggly.todo-tree",
    "hangxingliu.vscode-coding-tracker",
    "hardeepsingh.pyscript",
    "hbenl.vscode-test-explorer",
    "humy2833.ftp-simple",
    "iagolaguna.vscodefy",
    "insigne.powershell",
    "ionicabizau.ms-dos-editor-theme",
    "irongeek.vscode-env",
    "ironmansoftware.powershellprotools",
    "jaimelin.cvs-plugin",
    "jannchie.codetime",
    "jeff-hykin.better-shellscript-syntax",
    "jojoee.conda-cheatsheet",
    "juanblanco.solidity",
    "kameshkotwani.google-search",
    "kevinrose.vsc-python-indent",
    "kisstkondoros.vscode-gutter-preview",
    "kortina.run-in-terminal",
    "krueger71.crt-themes",
    "lanly-dev.easymediaconverter",
    "lanly-dev.spectrogram",
    "linda-cheung.content-menu-item-refresh",
    "littlefoxteam.vscode-python-test-adapter",
    "lizebang.bash-extension-pack",
    "luisfontes19.vscode-swissknife",
    "luisolmedo.env-viewer",
    "lukasz-wronski.ftp-sync",
    "mads-hartmann.bash-ide-vscode",
    "mccarter.start-git-bash",
    "mechatroner.rainbow-csv",
    "mgesbert.python-path",
    "mhutchie.git-graph",
    "michelemelluso.code-beautifier",
    "mindaro-dev.file-downloader",
    "mintlify.document",
    "mkhl.direnv",
    "mongodb.mongodb-vscode",
    "moserjose.mosmmy-icons-vscode",
    "ms-azuretools.vscode-containers",
    "ms-azuretools.vscode-docker",
    "ms-dotnettools.csharp",
    "ms-dotnettools.vscode-dotnet-runtime",
    "ms-edgedevtools.vscode-edge-devtools",
    "ms-mssql.data-workspace-vscode",
    "ms-mssql.mssql",
    "ms-mssql.sql-bindings-vscode",
    "ms-mssql.sql-database-projects-vscode",
    "ms-playwright.playwright",
    "ms-python.black-formatter",
    "ms-python.debugpy",
    "ms-python.isort",
    "ms-python.python",
    "ms-python.vscode-pylance",
    "ms-python.vscode-python-envs",
    "ms-toolsai.jupyter",
    "ms-toolsai.jupyter-keymap",
    "ms-toolsai.jupyter-renderers",
    "ms-toolsai.vscode-jupyter-cell-tags",
    "ms-toolsai.vscode-jupyter-powertoys",
    "ms-toolsai.vscode-jupyter-slideshow",
    "ms-vscode-remote.remote-containers",
    "ms-vscode-remote.remote-ssh",
    "ms-vscode-remote.remote-ssh-edit",
    "ms-vscode-remote.remote-wsl",
    "ms-vscode-remote.vscode-remote-extensionpack",
    "ms-vscode.azure-repos",
    "ms-vscode.cmake-tools",
    "ms-vscode.cpptools",
    "ms-vscode.cpptools-extension-pack",
    "ms-vscode.cpptools-themes",
    "ms-vscode.hexeditor",
    "ms-vscode.live-server",
    "ms-vscode.makefile-tools",
    "ms-vscode.onedrive-browser",
    "ms-vscode.powershell",
    "ms-vscode.remote-explorer",
    "ms-vscode.remote-repositories",
    "ms-vscode.remote-server",
    "ms-vscode.test-adapter-converter",
    "ms-vscode.vscode-speech",
    "mtxr.sqltools",
    "n3rds-inc.image",
    "natizyskunk.sftp",
    "njpwerner.autodocstring",
    "oderwat.indent-rainbow",
    "perkovec.emoji",
    "perplex-coding.perplexcoding",
    "pinage404.bash-extension-pack",
    "pinshengjuan.get-file-checksum",
    "pkief.material-icon-theme",
    "pomber.git-file-history",
    "postman.postman-for-vscode",
    "rahules.hash-utils",
    "ramon-ahnert.vscode-open-in-terminal-tab-context-menu",
    "redhat.vscode-yaml",
    "reditorsupport.r",
    "reditorsupport.r-syntax",
    "remisa.shellman",
    "ritwickdey.liveserver",
    "rogalmic.bash-debug",
    "rogalmic.zsh-debug",
    "rooveterinaryinc.roo-cline",
    "rpinski.shebang-snippets",
    "ruakr.ftp-kr",
    "s-mitterlehner.time-tracker-vscode",
    "sailhenz.terminal-ssh",
    "samverschueren.yo",
    "saoudrizwan.claude-dev",
    "saurabh.terminal-manager",
    "shakram02.bash-beautify",
    "sidthesloth.html5-boilerplate",
    "slevesque.vscode-zipexplorer",
    "smallcloud.codify",
    "sourcegraph.cody-ai",
    "sourcery.sourcery",
    "spmeesseman.vscode-taskexplorer",
    "streetsidesoftware.code-spell-checker",
    "sukumo28.wav-preview",
    "syler.sass-indented",
    "tabnine.tabnine-vscode",
    "techer.open-in-browser",
    "timkmecl.chatgpt",
    "timonwong.shellcheck",
    "tintinweb.vscode-decompiler",
    "tobysmith568.run-in-powershell",
    "tomashubelbauer.zip-file-system",
    "tomoki1207.pdf",
    "tushortz.python-extended-snippets",
    "twxs.cmake",
    "uloco.theme-bluloco-light",
    "vin-liberty.powershell-snippets",
    "visualstudioexptteam.intellicode-api-usage-examples",
    "visualstudioexptteam.vscodeintellicode",
    "vivekpal.sound-in-code",
    "vscode-icons-team.vscode-icons",
    "wakatime.vscode-wakatime",
    "wayou.vscode-todo-highlight",
    "wholroyd.jinja",
    "willasm.obsidian-md-vsc",
    "xirider.livecode",
    "xuangeaha.vsmarketplace-badges",
    "yasht.terminal-all-in-one",
    "yescode.terminal-theme",
    "yurialvesguernsey.localastrodb",
    "yy0931.vscode-sqlite3-editor",
    "ziok2010.vscode-paste-image-ftp"
  ]
}