{
  "snapshot_id": "snapshot_20250915_230013",
  "capture_time": "2025-09-15T23:00:13.733510",
  "reason": "interactive",
  "triggered_by": "user",
  "total_processes": 57,
  "total_memory_kb": 460016,
  "total_memory_mb": 449.2,
  "phantom_processes": 50,
  "daemon_processes": 50,
  "screenshot_reference": "Screenshot 2025-09-07 at 07.50.36 (623.9MB phantom persistence)",
  "irish_management_team": {
    "seamus_present": true,
    "declan_present": true,
    "terry_present": true
  },
  "processes": [
    {
      "pid": 98923,
      "user": "ranger",
      "cpu_percent": "0.0",
      "memory_kb": 7152,
      "memory_mb": 7.0,
      "command": "python3 /Users/ranger/scripts/Rangers_Stuff/browser-2025/Ranger/04-ai-integration/rangerbot_ollama_direct.py --port 8003",
      "matched_pattern": "rangerbot_ollama_direct.py",
      "process_name": "python3.11",
      "status": "running",
      "create_time": 1757901465.199821,
      "cwd": "/Users/ranger/scripts/Rangers_Stuff/browser-2025/Ranger",
      "cmdline": [
        "python3",
        "/Users/ranger/scripts/Rangers_Stuff/browser-2025/Ranger/04-ai-integration/rangerbot_ollama_direct.py",
        "--port",
        "8003"
      ],
      "connections": [
        {
          "local_port": 8003,
          "status": "LISTEN"
        }
      ],
      "threads": 2,
      "memory_percent": 0.03789265950520833,
      "capture_time": "2025-09-15T23:00:13.733510",
      "survival_priority": "HIGH-AI-SERVICES",
      "daemon_status": false,
      "phantom_candidate": false
    },
    {
      "pid": 98889,
      "user": "ranger",
      "cpu_percent": "0.0",
      "memory_kb": 10880,
      "memory_mb": 10.6,
      "command": "python3 /Users/ranger/scripts/Rangers_Stuff/browser-2025/Ranger/04-ai-integration/terminal_supervisor_living.py --daemon",
      "matched_pattern": "terminal_supervisor_living.py.*--daemon",
      "process_name": "python3.11",
      "status": "running",
      "create_time": 1757901456.0707,
      "cwd": "/Users/ranger/scripts/Rangers_Stuff/browser-2025/Ranger",
      "cmdline": [
        "python3",
        "/Users/ranger/scripts/Rangers_Stuff/browser-2025/Ranger/04-ai-integration/terminal_supervisor_living.py",
        "--daemon"
      ],
      "connections": [],
      "threads": 2,
      "memory_percent": 0.05764431423611111,
      "capture_time": "2025-09-15T23:00:13.733510",
      "survival_priority": "CRITICAL-IRISH-MANAGEMENT",
      "daemon_status": true,
      "phantom_candidate": true
    },
    {
      "pid": 98886,
      "user": "ranger",
      "cpu_percent": "0.0",
      "memory_kb": 7392,
      "memory_mb": 7.2,
      "command": "python3 /Users/ranger/scripts/Rangers_Stuff/browser-2025/Ranger/04-ai-integration/dj_manager_living.py --daemon",
      "matched_pattern": "dj_manager_living.py.*--daemon",
      "process_name": "python3.11",
      "status": "running",
      "create_time": 1757901455.057762,
      "cwd": "/Users/ranger/scripts/Rangers_Stuff/browser-2025/Ranger",
      "cmdline": [
        "python3",
        "/Users/ranger/scripts/Rangers_Stuff/browser-2025/Ranger/04-ai-integration/dj_manager_living.py",
        "--daemon"
      ],
      "connections": [],
      "threads": 1,
      "memory_percent": 0.03916422526041667,
      "capture_time": "2025-09-15T23:00:13.733510",
      "survival_priority": "CRITICAL-IRISH-MANAGEMENT",
      "daemon_status": true,
      "phantom_candidate": true
    },
    {
      "pid": 98884,
      "user": "ranger",
      "cpu_percent": "0.0",
      "memory_kb": 9008,
      "memory_mb": 8.8,
      "command": "python3 /Users/ranger/scripts/Rangers_Stuff/browser-2025/Ranger/04-ai-integration/restaurant_manager_living.py --daemon",
      "matched_pattern": "restaurant_manager_living.py.*--daemon",
      "process_name": "python3.11",
      "status": "running",
      "create_time": 1757901454.044214,
      "cwd": "/Users/ranger/scripts/Rangers_Stuff/browser-2025/Ranger",
      "cmdline": [
        "python3",
        "/Users/ranger/scripts/Rangers_Stuff/browser-2025/Ranger/04-ai-integration/restaurant_manager_living.py",
        "--daemon"
      ],
      "connections": [],
      "threads": 1,
      "memory_percent": 0.04772610134548611,
      "capture_time": "2025-09-15T23:00:13.733510",
      "survival_priority": "CRITICAL-IRISH-MANAGEMENT",
      "daemon_status": true,
      "phantom_candidate": true
    },
    {
      "pid": 98875,
      "user": "ranger",
      "cpu_percent": "0.0",
      "memory_kb": 6080,
      "memory_mb": 5.9,
      "command": "python3 /Users/ranger/scripts/Rangers_Stuff/browser-2025/Ranger/04-ai-integration/vlc_database_api.py --port 8002",
      "matched_pattern": "vlc_database_api.py",
      "process_name": "python3.11",
      "status": "running",
      "create_time": 1757901452.008348,
      "cwd": "/Users/ranger/scripts/Rangers_Stuff/browser-2025/Ranger",
      "cmdline": [
        "python3",
        "/Users/ranger/scripts/Rangers_Stuff/browser-2025/Ranger/04-ai-integration/vlc_database_api.py",
        "--port",
        "8002"
      ],
      "connections": [
        {
          "local_port": 8002,
          "status": "LISTEN"
        }
      ],
      "threads": 1,
      "memory_percent": 0.03221299913194444,
      "capture_time": "2025-09-15T23:00:13.733510",
      "survival_priority": "LOW-SUPPORTING",
      "daemon_status": false,
      "phantom_candidate": false
    },
    {
      "pid": 98877,
      "user": "ranger",
      "cpu_percent": "0.0",
      "memory_kb": 6048,
      "memory_mb": 5.9,
      "command": "python3 /Users/ranger/scripts/Rangers_Stuff/browser-2025/Ranger/04-ai-integration/browserpad_database.py --port 8005",
      "matched_pattern": "browserpad_database.py",
      "process_name": "python3.11",
      "status": "running",
      "create_time": 1757901452.010071,
      "cwd": "/Users/ranger/scripts/Rangers_Stuff/browser-2025/Ranger",
      "cmdline": [
        "python3",
        "/Users/ranger/scripts/Rangers_Stuff/browser-2025/Ranger/04-ai-integration/browserpad_database.py",
        "--port",
        "8005"
      ],
      "connections": [
        {
          "local_port": 8005,
          "status": "LISTEN"
        }
      ],
      "threads": 1,
      "memory_percent": 0.03204345703125,
      "capture_time": "2025-09-15T23:00:13.733510",
      "survival_priority": "LOW-SUPPORTING",
      "daemon_status": false,
      "phantom_candidate": false
    },
    {
      "pid": 98876,
      "user": "ranger",
      "cpu_percent": "0.0",
      "memory_kb": 4992,
      "memory_mb": 4.9,
      "command": "python3 /Users/ranger/scripts/Rangers_Stuff/browser-2025/Ranger/03-web-interfaces/vlc_media_server.py --port 3001 --no-browser",
      "matched_pattern": "vlc_media_server.py",
      "process_name": "python3.11",
      "status": "running",
      "create_time": 1757901452.009291,
      "cwd": "/Users/ranger/scripts/Rangers_Stuff/browser-2025/Ranger",
      "cmdline": [
        "python3",
        "/Users/ranger/scripts/Rangers_Stuff/browser-2025/Ranger/03-web-interfaces/vlc_media_server.py",
        "--port",
        "3001",
        "--no-browser"
      ],
      "connections": [
        {
          "local_port": 3001,
          "status": "LISTEN"
        }
      ],
      "threads": 1,
      "memory_percent": 0.026448567708333332,
      "capture_time": "2025-09-15T23:00:13.733510",
      "survival_priority": "MEDIUM-WEB-SERVICES",
      "daemon_status": false,
      "phantom_candidate": false
    },
    {
      "pid": 96785,
      "user": "ranger",
      "cpu_percent": "0.0",
      "memory_kb": 10736,
      "memory_mb": 10.5,
      "command": "python3 /Users/ranger/scripts/Rangers_Stuff/browser-2025/Ranger/04-ai-integration/terminal_supervisor_living.py --daemon",
      "matched_pattern": "terminal_supervisor_living.py.*--daemon",
      "process_name": "python3.11",
      "status": "running",
      "create_time": 1757900821.37183,
      "cwd": "/Users/ranger/scripts/Rangers_Stuff/browser-2025/Ranger",
      "cmdline": [
        "python3",
        "/Users/ranger/scripts/Rangers_Stuff/browser-2025/Ranger/04-ai-integration/terminal_supervisor_living.py",
        "--daemon"
      ],
      "connections": [],
      "threads": 2,
      "memory_percent": 0.05688137478298611,
      "capture_time": "2025-09-15T23:00:13.733510",
      "survival_priority": "CRITICAL-IRISH-MANAGEMENT",
      "daemon_status": true,
      "phantom_candidate": true
    },
    {
      "pid": 96783,
      "user": "ranger",
      "cpu_percent": "0.0",
      "memory_kb": 7456,
      "memory_mb": 7.3,
      "command": "python3 /Users/ranger/scripts/Rangers_Stuff/browser-2025/Ranger/04-ai-integration/dj_manager_living.py --daemon",
      "matched_pattern": "dj_manager_living.py.*--daemon",
      "process_name": "python3.11",
      "status": "running",
      "create_time": 1757900820.361273,
      "cwd": "/Users/ranger/scripts/Rangers_Stuff/browser-2025/Ranger",
      "cmdline": [
        "python3",
        "/Users/ranger/scripts/Rangers_Stuff/browser-2025/Ranger/04-ai-integration/dj_manager_living.py",
        "--daemon"
      ],
      "connections": [],
      "threads": 1,
      "memory_percent": 0.03950330946180556,
      "capture_time": "2025-09-15T23:00:13.733510",
      "survival_priority": "CRITICAL-IRISH-MANAGEMENT",
      "daemon_status": true,
      "phantom_candidate": true
    },
    {
      "pid": 96781,
      "user": "ranger",
      "cpu_percent": "0.0",
      "memory_kb": 9248,
      "memory_mb": 9.0,
      "command": "python3 /Users/ranger/scripts/Rangers_Stuff/browser-2025/Ranger/04-ai-integration/restaurant_manager_living.py --daemon",
      "matched_pattern": "restaurant_manager_living.py.*--daemon",
      "process_name": "python3.11",
      "status": "running",
      "create_time": 1757900819.350855,
      "cwd": "/Users/ranger/scripts/Rangers_Stuff/browser-2025/Ranger",
      "cmdline": [
        "python3",
        "/Users/ranger/scripts/Rangers_Stuff/browser-2025/Ranger/04-ai-integration/restaurant_manager_living.py",
        "--daemon"
      ],
      "connections": [],
      "threads": 1,
      "memory_percent": 0.04899766710069445,
      "capture_time": "2025-09-15T23:00:13.733510",
      "survival_priority": "CRITICAL-IRISH-MANAGEMENT",
      "daemon_status": true,
      "phantom_candidate": true
    },
    {
      "pid": 94283,
      "user": "ranger",
      "cpu_percent": "0.0",
      "memory_kb": 9696,
      "memory_mb": 9.5,
      "command": "python3 /Users/ranger/scripts/Rangers_Stuff/browser-2025/Ranger/04-ai-integration/terminal_supervisor_living.py --daemon",
      "matched_pattern": "terminal_supervisor_living.py.*--daemon",
      "process_name": "python3.11",
      "status": "running",
      "create_time": 1757899643.294243,
      "cwd": "/Users/ranger/scripts/Rangers_Stuff/browser-2025/Ranger",
      "cmdline": [
        "python3",
        "/Users/ranger/scripts/Rangers_Stuff/browser-2025/Ranger/04-ai-integration/terminal_supervisor_living.py",
        "--daemon"
      ],
      "connections": [],
      "threads": 2,
      "memory_percent": 0.051371256510416664,
      "capture_time": "2025-09-15T23:00:13.733510",
      "survival_priority": "CRITICAL-IRISH-MANAGEMENT",
      "daemon_status": true,
      "phantom_candidate": true
    },
    {
      "pid": 94280,
      "user": "ranger",
      "cpu_percent": "0.0",
      "memory_kb": 6944,
      "memory_mb": 6.8,
      "command": "python3 /Users/ranger/scripts/Rangers_Stuff/browser-2025/Ranger/04-ai-integration/dj_manager_living.py --daemon",
      "matched_pattern": "dj_manager_living.py.*--daemon",
      "process_name": "python3.11",
      "status": "running",
      "create_time": 1757899642.285897,
      "cwd": "/Users/ranger/scripts/Rangers_Stuff/browser-2025/Ranger",
      "cmdline": [
        "python3",
        "/Users/ranger/scripts/Rangers_Stuff/browser-2025/Ranger/04-ai-integration/dj_manager_living.py",
        "--daemon"
      ],
      "connections": [],
      "threads": 1,
      "memory_percent": 0.03679063585069444,
      "capture_time": "2025-09-15T23:00:13.733510",
      "survival_priority": "CRITICAL-IRISH-MANAGEMENT",
      "daemon_status": true,
      "phantom_candidate": true
    },
    {
      "pid": 94277,
      "user": "ranger",
      "cpu_percent": "0.0",
      "memory_kb": 8320,
      "memory_mb": 8.1,
      "command": "python3 /Users/ranger/scripts/Rangers_Stuff/browser-2025/Ranger/04-ai-integration/restaurant_manager_living.py --daemon",
      "matched_pattern": "restaurant_manager_living.py.*--daemon",
      "process_name": "python3.11",
      "status": "running",
      "create_time": 1757899641.278467,
      "cwd": "/Users/ranger/scripts/Rangers_Stuff/browser-2025/Ranger",
      "cmdline": [
        "python3",
        "/Users/ranger/scripts/Rangers_Stuff/browser-2025/Ranger/04-ai-integration/restaurant_manager_living.py",
        "--daemon"
      ],
      "connections": [],
      "threads": 1,
      "memory_percent": 0.04408094618055556,
      "capture_time": "2025-09-15T23:00:13.733510",
      "survival_priority": "CRITICAL-IRISH-MANAGEMENT",
      "daemon_status": true,
      "phantom_candidate": true
    },
    {
      "pid": 92295,
      "user": "ranger",
      "cpu_percent": "0.0",
      "memory_kb": 9136,
      "memory_mb": 8.9,
      "command": "python3 /Users/ranger/scripts/Rangers_Stuff/browser-2025/Ranger/04-ai-integration/terminal_supervisor_living.py --daemon",
      "matched_pattern": "terminal_supervisor_living.py.*--daemon",
      "process_name": "python3.11",
      "status": "running",
      "create_time": 1757898640.124951,
      "cwd": "/Users/ranger/scripts/Rangers_Stuff/browser-2025/Ranger",
      "cmdline": [
        "python3",
        "/Users/ranger/scripts/Rangers_Stuff/browser-2025/Ranger/04-ai-integration/terminal_supervisor_living.py",
        "--daemon"
      ],
      "connections": [],
      "threads": 2,
      "memory_percent": 0.04840426974826389,
      "capture_time": "2025-09-15T23:00:13.733510",
      "survival_priority": "CRITICAL-IRISH-MANAGEMENT",
      "daemon_status": true,
      "phantom_candidate": true
    },
    {
      "pid": 92293,
      "user": "ranger",
      "cpu_percent": "0.0",
      "memory_kb": 7280,
      "memory_mb": 7.1,
      "command": "python3 /Users/ranger/scripts/Rangers_Stuff/browser-2025/Ranger/04-ai-integration/dj_manager_living.py --daemon",
      "matched_pattern": "dj_manager_living.py.*--daemon",
      "process_name": "python3.11",
      "status": "running",
      "create_time": 1757898639.115392,
      "cwd": "/Users/ranger/scripts/Rangers_Stuff/browser-2025/Ranger",
      "cmdline": [
        "python3",
        "/Users/ranger/scripts/Rangers_Stuff/browser-2025/Ranger/04-ai-integration/dj_manager_living.py",
        "--daemon"
      ],
      "connections": [],
      "threads": 1,
      "memory_percent": 0.03857082790798611,
      "capture_time": "2025-09-15T23:00:13.733510",
      "survival_priority": "CRITICAL-IRISH-MANAGEMENT",
      "daemon_status": true,
      "phantom_candidate": true
    },
    {
      "pid": 92291,
      "user": "ranger",
      "cpu_percent": "0.0",
      "memory_kb": 7824,
      "memory_mb": 7.6,
      "command": "python3 /Users/ranger/scripts/Rangers_Stuff/browser-2025/Ranger/04-ai-integration/restaurant_manager_living.py --daemon",
      "matched_pattern": "restaurant_manager_living.py.*--daemon",
      "process_name": "python3.11",
      "status": "running",
      "create_time": 1757898638.107511,
      "cwd": "/Users/ranger/scripts/Rangers_Stuff/browser-2025/Ranger",
      "cmdline": [
        "python3",
        "/Users/ranger/scripts/Rangers_Stuff/browser-2025/Ranger/04-ai-integration/restaurant_manager_living.py",
        "--daemon"
      ],
      "connections": [],
      "threads": 1,
      "memory_percent": 0.04145304361979167,
      "capture_time": "2025-09-15T23:00:13.733510",
      "survival_priority": "CRITICAL-IRISH-MANAGEMENT",
      "daemon_status": true,
      "phantom_candidate": true
    },
    {
      "pid": 89688,
      "user": "ranger",
      "cpu_percent": "0.0",
      "memory_kb": 9600,
      "memory_mb": 9.4,
      "command": "python3 /Users/ranger/scripts/Rangers_Stuff/browser-2025/Ranger/04-ai-integration/terminal_supervisor_living.py --daemon",
      "matched_pattern": "terminal_supervisor_living.py.*--daemon",
      "process_name": "python3.11",
      "status": "running",
      "create_time": 1757897115.526759,
      "cwd": "/Users/ranger/scripts/Rangers_Stuff/browser-2025/Ranger",
      "cmdline": [
        "python3",
        "/Users/ranger/scripts/Rangers_Stuff/browser-2025/Ranger/04-ai-integration/terminal_supervisor_living.py",
        "--daemon"
      ],
      "connections": [],
      "threads": 2,
      "memory_percent": 0.050862630208333336,
      "capture_time": "2025-09-15T23:00:13.733510",
      "survival_priority": "CRITICAL-IRISH-MANAGEMENT",
      "daemon_status": true,
      "phantom_candidate": true
    },
    {
      "pid": 89686,
      "user": "ranger",
      "cpu_percent": "0.0",
      "memory_kb": 7056,
      "memory_mb": 6.9,
      "command": "python3 /Users/ranger/scripts/Rangers_Stuff/browser-2025/Ranger/04-ai-integration/dj_manager_living.py --daemon",
      "matched_pattern": "dj_manager_living.py.*--daemon",
      "process_name": "python3.11",
      "status": "running",
      "create_time": 1757897114.51303,
      "cwd": "/Users/ranger/scripts/Rangers_Stuff/browser-2025/Ranger",
      "cmdline": [
        "python3",
        "/Users/ranger/scripts/Rangers_Stuff/browser-2025/Ranger/04-ai-integration/dj_manager_living.py",
        "--daemon"
      ],
      "connections": [],
      "threads": 1,
      "memory_percent": 0.037384033203125,
      "capture_time": "2025-09-15T23:00:13.733510",
      "survival_priority": "CRITICAL-IRISH-MANAGEMENT",
      "daemon_status": true,
      "phantom_candidate": true
    },
    {
      "pid": 89683,
      "user": "ranger",
      "cpu_percent": "0.0",
      "memory_kb": 8016,
      "memory_mb": 7.8,
      "command": "python3 /Users/ranger/scripts/Rangers_Stuff/browser-2025/Ranger/04-ai-integration/restaurant_manager_living.py --daemon",
      "matched_pattern": "restaurant_manager_living.py.*--daemon",
      "process_name": "python3.11",
      "status": "running",
      "create_time": 1757897113.498727,
      "cwd": "/Users/ranger/scripts/Rangers_Stuff/browser-2025/Ranger",
      "cmdline": [
        "python3",
        "/Users/ranger/scripts/Rangers_Stuff/browser-2025/Ranger/04-ai-integration/restaurant_manager_living.py",
        "--daemon"
      ],
      "connections": [],
      "threads": 1,
      "memory_percent": 0.04247029622395833,
      "capture_time": "2025-09-15T23:00:13.733510",
      "survival_priority": "CRITICAL-IRISH-MANAGEMENT",
      "daemon_status": true,
      "phantom_candidate": true
    },
    {
      "pid": 88132,
      "user": "ranger",
      "cpu_percent": "0.0",
      "memory_kb": 9840,
      "memory_mb": 9.6,
      "command": "python3 /Users/ranger/scripts/Rangers_Stuff/browser-2025/Ranger/04-ai-integration/terminal_supervisor_living.py --daemon",
      "matched_pattern": "terminal_supervisor_living.py.*--daemon",
      "process_name": "python3.11",
      "status": "running",
      "create_time": 1757896372.842315,
      "cwd": "/Users/ranger/scripts/Rangers_Stuff/browser-2025/Ranger",
      "cmdline": [
        "python3",
        "/Users/ranger/scripts/Rangers_Stuff/browser-2025/Ranger/04-ai-integration/terminal_supervisor_living.py",
        "--daemon"
      ],
      "connections": [],
      "threads": 2,
      "memory_percent": 0.052134195963541664,
      "capture_time": "2025-09-15T23:00:13.733510",
      "survival_priority": "CRITICAL-IRISH-MANAGEMENT",
      "daemon_status": true,
      "phantom_candidate": true
    },
    {
      "pid": 88130,
      "user": "ranger",
      "cpu_percent": "0.0",
      "memory_kb": 4240,
      "memory_mb": 4.1,
      "command": "python3 /Users/ranger/scripts/Rangers_Stuff/browser-2025/Ranger/04-ai-integration/dj_manager_living.py --daemon",
      "matched_pattern": "dj_manager_living.py.*--daemon",
      "process_name": "python3.11",
      "status": "running",
      "create_time": 1757896371.833249,
      "cwd": "/Users/ranger/scripts/Rangers_Stuff/browser-2025/Ranger",
      "cmdline": [
        "python3",
        "/Users/ranger/scripts/Rangers_Stuff/browser-2025/Ranger/04-ai-integration/dj_manager_living.py",
        "--daemon"
      ],
      "connections": [],
      "threads": 1,
      "memory_percent": 0.022464328342013888,
      "capture_time": "2025-09-15T23:00:13.733510",
      "survival_priority": "CRITICAL-IRISH-MANAGEMENT",
      "daemon_status": true,
      "phantom_candidate": true
    },
    {
      "pid": 88128,
      "user": "ranger",
      "cpu_percent": "0.0",
      "memory_kb": 7712,
      "memory_mb": 7.5,
      "command": "python3 /Users/ranger/scripts/Rangers_Stuff/browser-2025/Ranger/04-ai-integration/restaurant_manager_living.py --daemon",
      "matched_pattern": "restaurant_manager_living.py.*--daemon",
      "process_name": "python3.11",
      "status": "running",
      "create_time": 1757896370.821071,
      "cwd": "/Users/ranger/scripts/Rangers_Stuff/browser-2025/Ranger",
      "cmdline": [
        "python3",
        "/Users/ranger/scripts/Rangers_Stuff/browser-2025/Ranger/04-ai-integration/restaurant_manager_living.py",
        "--daemon"
      ],
      "connections": [],
      "threads": 1,
      "memory_percent": 0.04085964626736111,
      "capture_time": "2025-09-15T23:00:13.733510",
      "survival_priority": "CRITICAL-IRISH-MANAGEMENT",
      "daemon_status": true,
      "phantom_candidate": true
    },
    {
      "pid": 86437,
      "user": "ranger",
      "cpu_percent": "0.0",
      "memory_kb": 8896,
      "memory_mb": 8.7,
      "command": "python3 /Users/ranger/scripts/Rangers_Stuff/browser-2025/Ranger/04-ai-integration/terminal_supervisor_living.py --daemon",
      "matched_pattern": "terminal_supervisor_living.py.*--daemon",
      "process_name": "python3.11",
      "status": "running",
      "create_time": 1757895240.177959,
      "cwd": "/Users/ranger/scripts/Rangers_Stuff/browser-2025/Ranger",
      "cmdline": [
        "python3",
        "/Users/ranger/scripts/Rangers_Stuff/browser-2025/Ranger/04-ai-integration/terminal_supervisor_living.py",
        "--daemon"
      ],
      "connections": [],
      "threads": 2,
      "memory_percent": 0.04713270399305556,
      "capture_time": "2025-09-15T23:00:13.733510",
      "survival_priority": "CRITICAL-IRISH-MANAGEMENT",
      "daemon_status": true,
      "phantom_candidate": true
    },
    {
      "pid": 86435,
      "user": "ranger",
      "cpu_percent": "0.0",
      "memory_kb": 7520,
      "memory_mb": 7.3,
      "command": "python3 /Users/ranger/scripts/Rangers_Stuff/browser-2025/Ranger/04-ai-integration/dj_manager_living.py --daemon",
      "matched_pattern": "dj_manager_living.py.*--daemon",
      "process_name": "python3.11",
      "status": "running",
      "create_time": 1757895239.167363,
      "cwd": "/Users/ranger/scripts/Rangers_Stuff/browser-2025/Ranger",
      "cmdline": [
        "python3",
        "/Users/ranger/scripts/Rangers_Stuff/browser-2025/Ranger/04-ai-integration/dj_manager_living.py",
        "--daemon"
      ],
      "connections": [],
      "threads": 1,
      "memory_percent": 0.03984239366319444,
      "capture_time": "2025-09-15T23:00:13.733510",
      "survival_priority": "CRITICAL-IRISH-MANAGEMENT",
      "daemon_status": true,
      "phantom_candidate": true
    },
    {
      "pid": 86433,
      "user": "ranger",
      "cpu_percent": "0.0",
      "memory_kb": 7888,
      "memory_mb": 7.7,
      "command": "python3 /Users/ranger/scripts/Rangers_Stuff/browser-2025/Ranger/04-ai-integration/restaurant_manager_living.py --daemon",
      "matched_pattern": "restaurant_manager_living.py.*--daemon",
      "process_name": "python3.11",
      "status": "running",
      "create_time": 1757895238.15581,
      "cwd": "/Users/ranger/scripts/Rangers_Stuff/browser-2025/Ranger",
      "cmdline": [
        "python3",
        "/Users/ranger/scripts/Rangers_Stuff/browser-2025/Ranger/04-ai-integration/restaurant_manager_living.py",
        "--daemon"
      ],
      "connections": [],
      "threads": 1,
      "memory_percent": 0.04179212782118056,
      "capture_time": "2025-09-15T23:00:13.733510",
      "survival_priority": "CRITICAL-IRISH-MANAGEMENT",
      "daemon_status": true,
      "phantom_candidate": true
    },
    {
      "pid": 85150,
      "user": "ranger",
      "cpu_percent": "0.0",
      "memory_kb": 9504,
      "memory_mb": 9.3,
      "command": "python3 /Users/ranger/scripts/Rangers_Stuff/browser-2025/Ranger/04-ai-integration/terminal_supervisor_living.py --daemon",
      "matched_pattern": "terminal_supervisor_living.py.*--daemon",
      "process_name": "python3.11",
      "status": "running",
      "create_time": 1757894735.794871,
      "cwd": "/Users/ranger/scripts/Rangers_Stuff/browser-2025/Ranger",
      "cmdline": [
        "python3",
        "/Users/ranger/scripts/Rangers_Stuff/browser-2025/Ranger/04-ai-integration/terminal_supervisor_living.py",
        "--daemon"
      ],
      "connections": [],
      "threads": 2,
      "memory_percent": 0.05035400390625,
      "capture_time": "2025-09-15T23:00:13.733510",
      "survival_priority": "CRITICAL-IRISH-MANAGEMENT",
      "daemon_status": true,
      "phantom_candidate": true
    },
    {
      "pid": 85148,
      "user": "ranger",
      "cpu_percent": "0.0",
      "memory_kb": 7344,
      "memory_mb": 7.2,
      "command": "python3 /Users/ranger/scripts/Rangers_Stuff/browser-2025/Ranger/04-ai-integration/dj_manager_living.py --daemon",
      "matched_pattern": "dj_manager_living.py.*--daemon",
      "process_name": "python3.11",
      "status": "running",
      "create_time": 1757894734.781243,
      "cwd": "/Users/ranger/scripts/Rangers_Stuff/browser-2025/Ranger",
      "cmdline": [
        "python3",
        "/Users/ranger/scripts/Rangers_Stuff/browser-2025/Ranger/04-ai-integration/dj_manager_living.py",
        "--daemon"
      ],
      "connections": [],
      "threads": 1,
      "memory_percent": 0.038909912109375,
      "capture_time": "2025-09-15T23:00:13.733510",
      "survival_priority": "CRITICAL-IRISH-MANAGEMENT",
      "daemon_status": true,
      "phantom_candidate": true
    },
    {
      "pid": 85146,
      "user": "ranger",
      "cpu_percent": "0.0",
      "memory_kb": 7904,
      "memory_mb": 7.7,
      "command": "python3 /Users/ranger/scripts/Rangers_Stuff/browser-2025/Ranger/04-ai-integration/restaurant_manager_living.py --daemon",
      "matched_pattern": "restaurant_manager_living.py.*--daemon",
      "process_name": "python3.11",
      "status": "running",
      "create_time": 1757894733.772108,
      "cwd": "/Users/ranger/scripts/Rangers_Stuff/browser-2025/Ranger",
      "cmdline": [
        "python3",
        "/Users/ranger/scripts/Rangers_Stuff/browser-2025/Ranger/04-ai-integration/restaurant_manager_living.py",
        "--daemon"
      ],
      "connections": [],
      "threads": 1,
      "memory_percent": 0.041876898871527776,
      "capture_time": "2025-09-15T23:00:13.733510",
      "survival_priority": "CRITICAL-IRISH-MANAGEMENT",
      "daemon_status": true,
      "phantom_candidate": true
    },
    {
      "pid": 84322,
      "user": "ranger",
      "cpu_percent": "0.0",
      "memory_kb": 9280,
      "memory_mb": 9.1,
      "command": "python3 /Users/ranger/scripts/Rangers_Stuff/browser-2025/Ranger/04-ai-integration/terminal_supervisor_living.py --daemon",
      "matched_pattern": "terminal_supervisor_living.py.*--daemon",
      "process_name": "python3.11",
      "status": "running",
      "create_time": 1757894018.107613,
      "cwd": "/Users/ranger/scripts/Rangers_Stuff/browser-2025/Ranger",
      "cmdline": [
        "python3",
        "/Users/ranger/scripts/Rangers_Stuff/browser-2025/Ranger/04-ai-integration/terminal_supervisor_living.py",
        "--daemon"
      ],
      "connections": [],
      "threads": 2,
      "memory_percent": 0.04916720920138889,
      "capture_time": "2025-09-15T23:00:13.733510",
      "survival_priority": "CRITICAL-IRISH-MANAGEMENT",
      "daemon_status": true,
      "phantom_candidate": true
    },
    {
      "pid": 84318,
      "user": "ranger",
      "cpu_percent": "0.0",
      "memory_kb": 4736,
      "memory_mb": 4.6,
      "command": "python3 /Users/ranger/scripts/Rangers_Stuff/browser-2025/Ranger/04-ai-integration/dj_manager_living.py --daemon",
      "matched_pattern": "dj_manager_living.py.*--daemon",
      "process_name": "python3.11",
      "status": "running",
      "create_time": 1757894017.093203,
      "cwd": "/Users/ranger/scripts/Rangers_Stuff/browser-2025/Ranger",
      "cmdline": [
        "python3",
        "/Users/ranger/scripts/Rangers_Stuff/browser-2025/Ranger/04-ai-integration/dj_manager_living.py",
        "--daemon"
      ],
      "connections": [],
      "threads": 1,
      "memory_percent": 0.025092230902777776,
      "capture_time": "2025-09-15T23:00:13.733510",
      "survival_priority": "CRITICAL-IRISH-MANAGEMENT",
      "daemon_status": true,
      "phantom_candidate": true
    },
    {
      "pid": 84316,
      "user": "ranger",
      "cpu_percent": "0.0",
      "memory_kb": 8112,
      "memory_mb": 7.9,
      "command": "python3 /Users/ranger/scripts/Rangers_Stuff/browser-2025/Ranger/04-ai-integration/restaurant_manager_living.py --daemon",
      "matched_pattern": "restaurant_manager_living.py.*--daemon",
      "process_name": "python3.11",
      "status": "running",
      "create_time": 1757894016.084186,
      "cwd": "/Users/ranger/scripts/Rangers_Stuff/browser-2025/Ranger",
      "cmdline": [
        "python3",
        "/Users/ranger/scripts/Rangers_Stuff/browser-2025/Ranger/04-ai-integration/restaurant_manager_living.py",
        "--daemon"
      ],
      "connections": [],
      "threads": 1,
      "memory_percent": 0.04297892252604167,
      "capture_time": "2025-09-15T23:00:13.733510",
      "survival_priority": "CRITICAL-IRISH-MANAGEMENT",
      "daemon_status": true,
      "phantom_candidate": true
    },
    {
      "pid": 80926,
      "user": "ranger",
      "cpu_percent": "0.0",
      "memory_kb": 9184,
      "memory_mb": 9.0,
      "command": "python3 /Users/ranger/scripts/Rangers_Stuff/browser-2025/Ranger/04-ai-integration/terminal_supervisor_living.py --daemon",
      "matched_pattern": "terminal_supervisor_living.py.*--daemon",
      "process_name": "python3.11",
      "status": "running",
      "create_time": 1757891164.329176,
      "cwd": "/Users/ranger/scripts/Rangers_Stuff/browser-2025/Ranger",
      "cmdline": [
        "python3",
        "/Users/ranger/scripts/Rangers_Stuff/browser-2025/Ranger/04-ai-integration/terminal_supervisor_living.py",
        "--daemon"
      ],
      "connections": [],
      "threads": 2,
      "memory_percent": 0.04865858289930556,
      "capture_time": "2025-09-15T23:00:13.733510",
      "survival_priority": "CRITICAL-IRISH-MANAGEMENT",
      "daemon_status": true,
      "phantom_candidate": true
    },
    {
      "pid": 80923,
      "user": "ranger",
      "cpu_percent": "0.0",
      "memory_kb": 3952,
      "memory_mb": 3.9,
      "command": "python3 /Users/ranger/scripts/Rangers_Stuff/browser-2025/Ranger/04-ai-integration/dj_manager_living.py --daemon",
      "matched_pattern": "dj_manager_living.py.*--daemon",
      "process_name": "python3.11",
      "status": "running",
      "create_time": 1757891163.313299,
      "cwd": "/Users/ranger/scripts/Rangers_Stuff/browser-2025/Ranger",
      "cmdline": [
        "python3",
        "/Users/ranger/scripts/Rangers_Stuff/browser-2025/Ranger/04-ai-integration/dj_manager_living.py",
        "--daemon"
      ],
      "connections": [],
      "threads": 1,
      "memory_percent": 0.020938449435763888,
      "capture_time": "2025-09-15T23:00:13.733510",
      "survival_priority": "CRITICAL-IRISH-MANAGEMENT",
      "daemon_status": true,
      "phantom_candidate": true
    },
    {
      "pid": 80921,
      "user": "ranger",
      "cpu_percent": "0.0",
      "memory_kb": 8032,
      "memory_mb": 7.8,
      "command": "python3 /Users/ranger/scripts/Rangers_Stuff/browser-2025/Ranger/04-ai-integration/restaurant_manager_living.py --daemon",
      "matched_pattern": "restaurant_manager_living.py.*--daemon",
      "process_name": "python3.11",
      "status": "running",
      "create_time": 1757891162.299644,
      "cwd": "/Users/ranger/scripts/Rangers_Stuff/browser-2025/Ranger",
      "cmdline": [
        "python3",
        "/Users/ranger/scripts/Rangers_Stuff/browser-2025/Ranger/04-ai-integration/restaurant_manager_living.py",
        "--daemon"
      ],
      "connections": [],
      "threads": 1,
      "memory_percent": 0.04255506727430556,
      "capture_time": "2025-09-15T23:00:13.733510",
      "survival_priority": "CRITICAL-IRISH-MANAGEMENT",
      "daemon_status": true,
      "phantom_candidate": true
    },
    {
      "pid": 80480,
      "user": "ranger",
      "cpu_percent": "0.0",
      "memory_kb": 7696,
      "memory_mb": 7.5,
      "command": "python3 /Users/ranger/scripts/Rangers_Stuff/browser-2025/Ranger/04-ai-integration/dj_manager_living.py --daemon",
      "matched_pattern": "dj_manager_living.py.*--daemon",
      "process_name": "python3.11",
      "status": "running",
      "create_time": 1757890945.735004,
      "cwd": "/Users/ranger/scripts/Rangers_Stuff/browser-2025/Ranger",
      "cmdline": [
        "python3",
        "/Users/ranger/scripts/Rangers_Stuff/browser-2025/Ranger/04-ai-integration/dj_manager_living.py",
        "--daemon"
      ],
      "connections": [],
      "threads": 1,
      "memory_percent": 0.04077487521701389,
      "capture_time": "2025-09-15T23:00:13.733510",
      "survival_priority": "CRITICAL-IRISH-MANAGEMENT",
      "daemon_status": true,
      "phantom_candidate": true
    },
    {
      "pid": 80478,
      "user": "ranger",
      "cpu_percent": "0.0",
      "memory_kb": 8208,
      "memory_mb": 8.0,
      "command": "python3 /Users/ranger/scripts/Rangers_Stuff/browser-2025/Ranger/04-ai-integration/restaurant_manager_living.py --daemon",
      "matched_pattern": "restaurant_manager_living.py.*--daemon",
      "process_name": "python3.11",
      "status": "running",
      "create_time": 1757890944.723809,
      "cwd": "/Users/ranger/scripts/Rangers_Stuff/browser-2025/Ranger",
      "cmdline": [
        "python3",
        "/Users/ranger/scripts/Rangers_Stuff/browser-2025/Ranger/04-ai-integration/restaurant_manager_living.py",
        "--daemon"
      ],
      "connections": [],
      "threads": 1,
      "memory_percent": 0.043487548828125,
      "capture_time": "2025-09-15T23:00:13.733510",
      "survival_priority": "CRITICAL-IRISH-MANAGEMENT",
      "daemon_status": true,
      "phantom_candidate": true
    },
    {
      "pid": 78977,
      "user": "ranger",
      "cpu_percent": "0.0",
      "memory_kb": 9456,
      "memory_mb": 9.2,
      "command": "python3 /Users/ranger/scripts/Rangers_Stuff/browser-2025/Ranger/04-ai-integration/terminal_supervisor_living.py --daemon",
      "matched_pattern": "terminal_supervisor_living.py.*--daemon",
      "process_name": "python3.11",
      "status": "running",
      "create_time": 1757890273.142892,
      "cwd": "/Users/ranger/scripts/Rangers_Stuff/browser-2025/Ranger",
      "cmdline": [
        "python3",
        "/Users/ranger/scripts/Rangers_Stuff/browser-2025/Ranger/04-ai-integration/terminal_supervisor_living.py",
        "--daemon"
      ],
      "connections": [],
      "threads": 2,
      "memory_percent": 0.050099690755208336,
      "capture_time": "2025-09-15T23:00:13.733510",
      "survival_priority": "CRITICAL-IRISH-MANAGEMENT",
      "daemon_status": true,
      "phantom_candidate": true
    },
    {
      "pid": 78975,
      "user": "ranger",
      "cpu_percent": "0.0",
      "memory_kb": 7184,
      "memory_mb": 7.0,
      "command": "python3 /Users/ranger/scripts/Rangers_Stuff/browser-2025/Ranger/04-ai-integration/dj_manager_living.py --daemon",
      "matched_pattern": "dj_manager_living.py.*--daemon",
      "process_name": "python3.11",
      "status": "running",
      "create_time": 1757890272.131226,
      "cwd": "/Users/ranger/scripts/Rangers_Stuff/browser-2025/Ranger",
      "cmdline": [
        "python3",
        "/Users/ranger/scripts/Rangers_Stuff/browser-2025/Ranger/04-ai-integration/dj_manager_living.py",
        "--daemon"
      ],
      "connections": [],
      "threads": 1,
      "memory_percent": 0.038062201605902776,
      "capture_time": "2025-09-15T23:00:13.733510",
      "survival_priority": "CRITICAL-IRISH-MANAGEMENT",
      "daemon_status": true,
      "phantom_candidate": true
    },
    {
      "pid": 78973,
      "user": "ranger",
      "cpu_percent": "0.0",
      "memory_kb": 8272,
      "memory_mb": 8.1,
      "command": "python3 /Users/ranger/scripts/Rangers_Stuff/browser-2025/Ranger/04-ai-integration/restaurant_manager_living.py --daemon",
      "matched_pattern": "restaurant_manager_living.py.*--daemon",
      "process_name": "python3.11",
      "status": "running",
      "create_time": 1757890271.121885,
      "cwd": "/Users/ranger/scripts/Rangers_Stuff/browser-2025/Ranger",
      "cmdline": [
        "python3",
        "/Users/ranger/scripts/Rangers_Stuff/browser-2025/Ranger/04-ai-integration/restaurant_manager_living.py",
        "--daemon"
      ],
      "connections": [],
      "threads": 1,
      "memory_percent": 0.04382663302951389,
      "capture_time": "2025-09-15T23:00:13.733510",
      "survival_priority": "CRITICAL-IRISH-MANAGEMENT",
      "daemon_status": true,
      "phantom_candidate": true
    },
    {
      "pid": 78137,
      "user": "ranger",
      "cpu_percent": "0.0",
      "memory_kb": 10016,
      "memory_mb": 9.8,
      "command": "python3 /Users/ranger/scripts/Rangers_Stuff/browser-2025/Ranger/04-ai-integration/terminal_supervisor_living.py --daemon",
      "matched_pattern": "terminal_supervisor_living.py.*--daemon",
      "process_name": "python3.11",
      "status": "running",
      "create_time": 1757889682.960522,
      "cwd": "/Users/ranger/scripts/Rangers_Stuff/browser-2025/Ranger",
      "cmdline": [
        "python3",
        "/Users/ranger/scripts/Rangers_Stuff/browser-2025/Ranger/04-ai-integration/terminal_supervisor_living.py",
        "--daemon"
      ],
      "connections": [],
      "threads": 2,
      "memory_percent": 0.05306667751736111,
      "capture_time": "2025-09-15T23:00:13.733510",
      "survival_priority": "CRITICAL-IRISH-MANAGEMENT",
      "daemon_status": true,
      "phantom_candidate": true
    },
    {
      "pid": 78135,
      "user": "ranger",
      "cpu_percent": "0.0",
      "memory_kb": 3984,
      "memory_mb": 3.9,
      "command": "python3 /Users/ranger/scripts/Rangers_Stuff/browser-2025/Ranger/04-ai-integration/dj_manager_living.py --daemon",
      "matched_pattern": "dj_manager_living.py.*--daemon",
      "process_name": "python3.11",
      "status": "running",
      "create_time": 1757889681.950209,
      "cwd": "/Users/ranger/scripts/Rangers_Stuff/browser-2025/Ranger",
      "cmdline": [
        "python3",
        "/Users/ranger/scripts/Rangers_Stuff/browser-2025/Ranger/04-ai-integration/dj_manager_living.py",
        "--daemon"
      ],
      "connections": [],
      "threads": 1,
      "memory_percent": 0.021107991536458336,
      "capture_time": "2025-09-15T23:00:13.733510",
      "survival_priority": "CRITICAL-IRISH-MANAGEMENT",
      "daemon_status": true,
      "phantom_candidate": true
    },
    {
      "pid": 78133,
      "user": "ranger",
      "cpu_percent": "0.0",
      "memory_kb": 8208,
      "memory_mb": 8.0,
      "command": "python3 /Users/ranger/scripts/Rangers_Stuff/browser-2025/Ranger/04-ai-integration/restaurant_manager_living.py --daemon",
      "matched_pattern": "restaurant_manager_living.py.*--daemon",
      "process_name": "python3.11",
      "status": "running",
      "create_time": 1757889680.93839,
      "cwd": "/Users/ranger/scripts/Rangers_Stuff/browser-2025/Ranger",
      "cmdline": [
        "python3",
        "/Users/ranger/scripts/Rangers_Stuff/browser-2025/Ranger/04-ai-integration/restaurant_manager_living.py",
        "--daemon"
      ],
      "connections": [],
      "threads": 1,
      "memory_percent": 0.043487548828125,
      "capture_time": "2025-09-15T23:00:13.733510",
      "survival_priority": "CRITICAL-IRISH-MANAGEMENT",
      "daemon_status": true,
      "phantom_candidate": true
    },
    {
      "pid": 64405,
      "user": "ranger",
      "cpu_percent": "0.0",
      "memory_kb": 9264,
      "memory_mb": 9.0,
      "command": "/opt/homebrew/Cellar/python@3.13/3.13.7/Frameworks/Python.framework/Versions/3.13/Resources/Python.app/Contents/MacOS/Python /Users/ranger/scripts/Rangers_Stuff/browser-2025/RangerOS/04-ai-integration/terminal_supervisor_living.py --daemon",
      "matched_pattern": "terminal_supervisor_living.py.*--daemon",
      "process_name": "Python",
      "status": "running",
      "create_time": 1757321332.49871,
      "cwd": "/Users/ranger/scripts/Rangers_Stuff/browser-2025/RangerOS",
      "cmdline": [
        "/opt/homebrew/Cellar/python@3.13/3.13.7/Frameworks/Python.framework/Versions/3.13/Resources/Python.app/Contents/MacOS/Python",
        "/Users/ranger/scripts/Rangers_Stuff/browser-2025/RangerOS/04-ai-integration/terminal_supervisor_living.py",
        "--daemon"
      ],
      "connections": [],
      "threads": 2,
      "memory_percent": 0.049082438151041664,
      "capture_time": "2025-09-15T23:00:13.733510",
      "survival_priority": "CRITICAL-IRISH-MANAGEMENT",
      "daemon_status": true,
      "phantom_candidate": true
    },
    {
      "pid": 64403,
      "user": "ranger",
      "cpu_percent": "0.0",
      "memory_kb": 8048,
      "memory_mb": 7.9,
      "command": "/opt/homebrew/Cellar/python@3.13/3.13.7/Frameworks/Python.framework/Versions/3.13/Resources/Python.app/Contents/MacOS/Python /Users/ranger/scripts/Rangers_Stuff/browser-2025/RangerOS/04-ai-integration/dj_manager_living.py --daemon",
      "matched_pattern": "dj_manager_living.py.*--daemon",
      "process_name": "Python",
      "status": "running",
      "create_time": 1757321330.488603,
      "cwd": "/Users/ranger/scripts/Rangers_Stuff/browser-2025/RangerOS",
      "cmdline": [
        "/opt/homebrew/Cellar/python@3.13/3.13.7/Frameworks/Python.framework/Versions/3.13/Resources/Python.app/Contents/MacOS/Python",
        "/Users/ranger/scripts/Rangers_Stuff/browser-2025/RangerOS/04-ai-integration/dj_manager_living.py",
        "--daemon"
      ],
      "connections": [],
      "threads": 1,
      "memory_percent": 0.042639838324652776,
      "capture_time": "2025-09-15T23:00:13.733510",
      "survival_priority": "CRITICAL-IRISH-MANAGEMENT",
      "daemon_status": true,
      "phantom_candidate": true
    },
    {
      "pid": 64400,
      "user": "ranger",
      "cpu_percent": "0.0",
      "memory_kb": 7488,
      "memory_mb": 7.3,
      "command": "/opt/homebrew/Cellar/python@3.13/3.13.7/Frameworks/Python.framework/Versions/3.13/Resources/Python.app/Contents/MacOS/Python /Users/ranger/scripts/Rangers_Stuff/browser-2025/RangerOS/04-ai-integration/restaurant_manager_living.py --daemon",
      "matched_pattern": "restaurant_manager_living.py.*--daemon",
      "process_name": "Python",
      "status": "running",
      "create_time": 1757321328.479417,
      "cwd": "/Users/ranger/scripts/Rangers_Stuff/browser-2025/RangerOS",
      "cmdline": [
        "/opt/homebrew/Cellar/python@3.13/3.13.7/Frameworks/Python.framework/Versions/3.13/Resources/Python.app/Contents/MacOS/Python",
        "/Users/ranger/scripts/Rangers_Stuff/browser-2025/RangerOS/04-ai-integration/restaurant_manager_living.py",
        "--daemon"
      ],
      "connections": [],
      "threads": 1,
      "memory_percent": 0.0396728515625,
      "capture_time": "2025-09-15T23:00:13.733510",
      "survival_priority": "CRITICAL-IRISH-MANAGEMENT",
      "daemon_status": true,
      "phantom_candidate": true
    },
    {
      "pid": 61595,
      "user": "ranger",
      "cpu_percent": "0.0",
      "memory_kb": 8944,
      "memory_mb": 8.7,
      "command": "/opt/homebrew/Cellar/python@3.13/3.13.7/Frameworks/Python.framework/Versions/3.13/Resources/Python.app/Contents/MacOS/Python /Users/ranger/scripts/Rangers_Stuff/browser-2025/RangerOS/04-ai-integration/terminal_supervisor_living.py --daemon",
      "matched_pattern": "terminal_supervisor_living.py.*--daemon",
      "process_name": "Python",
      "status": "running",
      "create_time": 1757321068.116442,
      "cwd": "/Users/ranger/scripts/Rangers_Stuff/browser-2025/RangerOS",
      "cmdline": [
        "/opt/homebrew/Cellar/python@3.13/3.13.7/Frameworks/Python.framework/Versions/3.13/Resources/Python.app/Contents/MacOS/Python",
        "/Users/ranger/scripts/Rangers_Stuff/browser-2025/RangerOS/04-ai-integration/terminal_supervisor_living.py",
        "--daemon"
      ],
      "connections": [],
      "threads": 2,
      "memory_percent": 0.047387017144097224,
      "capture_time": "2025-09-15T23:00:13.733510",
      "survival_priority": "CRITICAL-IRISH-MANAGEMENT",
      "daemon_status": true,
      "phantom_candidate": true
    },
    {
      "pid": 61593,
      "user": "ranger",
      "cpu_percent": "0.0",
      "memory_kb": 5008,
      "memory_mb": 4.9,
      "command": "/opt/homebrew/Cellar/python@3.13/3.13.7/Frameworks/Python.framework/Versions/3.13/Resources/Python.app/Contents/MacOS/Python /Users/ranger/scripts/Rangers_Stuff/browser-2025/RangerOS/04-ai-integration/dj_manager_living.py --daemon",
      "matched_pattern": "dj_manager_living.py.*--daemon",
      "process_name": "Python",
      "status": "running",
      "create_time": 1757321066.107087,
      "cwd": "/Users/ranger/scripts/Rangers_Stuff/browser-2025/RangerOS",
      "cmdline": [
        "/opt/homebrew/Cellar/python@3.13/3.13.7/Frameworks/Python.framework/Versions/3.13/Resources/Python.app/Contents/MacOS/Python",
        "/Users/ranger/scripts/Rangers_Stuff/browser-2025/RangerOS/04-ai-integration/dj_manager_living.py",
        "--daemon"
      ],
      "connections": [],
      "threads": 1,
      "memory_percent": 0.026533338758680556,
      "capture_time": "2025-09-15T23:00:13.733510",
      "survival_priority": "CRITICAL-IRISH-MANAGEMENT",
      "daemon_status": true,
      "phantom_candidate": true
    },
    {
      "pid": 61590,
      "user": "ranger",
      "cpu_percent": "0.0",
      "memory_kb": 7760,
      "memory_mb": 7.6,
      "command": "/opt/homebrew/Cellar/python@3.13/3.13.7/Frameworks/Python.framework/Versions/3.13/Resources/Python.app/Contents/MacOS/Python /Users/ranger/scripts/Rangers_Stuff/browser-2025/RangerOS/04-ai-integration/restaurant_manager_living.py --daemon",
      "matched_pattern": "restaurant_manager_living.py.*--daemon",
      "process_name": "Python",
      "status": "running",
      "create_time": 1757321064.098466,
      "cwd": "/Users/ranger/scripts/Rangers_Stuff/browser-2025/RangerOS",
      "cmdline": [
        "/opt/homebrew/Cellar/python@3.13/3.13.7/Frameworks/Python.framework/Versions/3.13/Resources/Python.app/Contents/MacOS/Python",
        "/Users/ranger/scripts/Rangers_Stuff/browser-2025/RangerOS/04-ai-integration/restaurant_manager_living.py",
        "--daemon"
      ],
      "connections": [],
      "threads": 1,
      "memory_percent": 0.041113959418402776,
      "capture_time": "2025-09-15T23:00:13.733510",
      "survival_priority": "CRITICAL-IRISH-MANAGEMENT",
      "daemon_status": true,
      "phantom_candidate": true
    },
    {
      "pid": 60588,
      "user": "ranger",
      "cpu_percent": "0.0",
      "memory_kb": 8976,
      "memory_mb": 8.8,
      "command": "/opt/homebrew/Cellar/python@3.13/3.13.7/Frameworks/Python.framework/Versions/3.13/Resources/Python.app/Contents/MacOS/Python /Users/ranger/scripts/Rangers_Stuff/browser-2025/RangerOS/04-ai-integration/terminal_supervisor_living.py --daemon",
      "matched_pattern": "terminal_supervisor_living.py.*--daemon",
      "process_name": "Python",
      "status": "running",
      "create_time": 1757320923.683257,
      "cwd": "/Users/ranger/scripts/Rangers_Stuff/browser-2025/RangerOS",
      "cmdline": [
        "/opt/homebrew/Cellar/python@3.13/3.13.7/Frameworks/Python.framework/Versions/3.13/Resources/Python.app/Contents/MacOS/Python",
        "/Users/ranger/scripts/Rangers_Stuff/browser-2025/RangerOS/04-ai-integration/terminal_supervisor_living.py",
        "--daemon"
      ],
      "connections": [],
      "threads": 2,
      "memory_percent": 0.04755655924479167,
      "capture_time": "2025-09-15T23:00:13.733510",
      "survival_priority": "CRITICAL-IRISH-MANAGEMENT",
      "daemon_status": true,
      "phantom_candidate": true
    },
    {
      "pid": 60586,
      "user": "ranger",
      "cpu_percent": "0.0",
      "memory_kb": 8608,
      "memory_mb": 8.4,
      "command": "/opt/homebrew/Cellar/python@3.13/3.13.7/Frameworks/Python.framework/Versions/3.13/Resources/Python.app/Contents/MacOS/Python /Users/ranger/scripts/Rangers_Stuff/browser-2025/RangerOS/04-ai-integration/dj_manager_living.py --daemon",
      "matched_pattern": "dj_manager_living.py.*--daemon",
      "process_name": "Python",
      "status": "running",
      "create_time": 1757320921.668048,
      "cwd": "/Users/ranger/scripts/Rangers_Stuff/browser-2025/RangerOS",
      "cmdline": [
        "/opt/homebrew/Cellar/python@3.13/3.13.7/Frameworks/Python.framework/Versions/3.13/Resources/Python.app/Contents/MacOS/Python",
        "/Users/ranger/scripts/Rangers_Stuff/browser-2025/RangerOS/04-ai-integration/dj_manager_living.py",
        "--daemon"
      ],
      "connections": [],
      "threads": 1,
      "memory_percent": 0.04560682508680556,
      "capture_time": "2025-09-15T23:00:13.733510",
      "survival_priority": "CRITICAL-IRISH-MANAGEMENT",
      "daemon_status": true,
      "phantom_candidate": true
    },
    {
      "pid": 60583,
      "user": "ranger",
      "cpu_percent": "0.0",
      "memory_kb": 7968,
      "memory_mb": 7.8,
      "command": "/opt/homebrew/Cellar/python@3.13/3.13.7/Frameworks/Python.framework/Versions/3.13/Resources/Python.app/Contents/MacOS/Python /Users/ranger/scripts/Rangers_Stuff/browser-2025/RangerOS/04-ai-integration/restaurant_manager_living.py --daemon",
      "matched_pattern": "restaurant_manager_living.py.*--daemon",
      "process_name": "Python",
      "status": "running",
      "create_time": 1757320919.656863,
      "cwd": "/Users/ranger/scripts/Rangers_Stuff/browser-2025/RangerOS",
      "cmdline": [
        "/opt/homebrew/Cellar/python@3.13/3.13.7/Frameworks/Python.framework/Versions/3.13/Resources/Python.app/Contents/MacOS/Python",
        "/Users/ranger/scripts/Rangers_Stuff/browser-2025/RangerOS/04-ai-integration/restaurant_manager_living.py",
        "--daemon"
      ],
      "connections": [],
      "threads": 1,
      "memory_percent": 0.04221598307291667,
      "capture_time": "2025-09-15T23:00:13.733510",
      "survival_priority": "CRITICAL-IRISH-MANAGEMENT",
      "daemon_status": true,
      "phantom_candidate": true
    },
    {
      "pid": 59535,
      "user": "ranger",
      "cpu_percent": "0.0",
      "memory_kb": 9248,
      "memory_mb": 9.0,
      "command": "/opt/homebrew/Cellar/python@3.13/3.13.7/Frameworks/Python.framework/Versions/3.13/Resources/Python.app/Contents/MacOS/Python /Users/ranger/scripts/Rangers_Stuff/browser-2025/RangerOS/04-ai-integration/terminal_supervisor_living.py --daemon",
      "matched_pattern": "terminal_supervisor_living.py.*--daemon",
      "process_name": "Python",
      "status": "running",
      "create_time": 1757320776.120212,
      "cwd": "/Users/ranger/scripts/Rangers_Stuff/browser-2025/RangerOS",
      "cmdline": [
        "/opt/homebrew/Cellar/python@3.13/3.13.7/Frameworks/Python.framework/Versions/3.13/Resources/Python.app/Contents/MacOS/Python",
        "/Users/ranger/scripts/Rangers_Stuff/browser-2025/RangerOS/04-ai-integration/terminal_supervisor_living.py",
        "--daemon"
      ],
      "connections": [],
      "threads": 2,
      "memory_percent": 0.04899766710069445,
      "capture_time": "2025-09-15T23:00:13.733510",
      "survival_priority": "CRITICAL-IRISH-MANAGEMENT",
      "daemon_status": true,
      "phantom_candidate": true
    },
    {
      "pid": 59532,
      "user": "ranger",
      "cpu_percent": "0.0",
      "memory_kb": 7648,
      "memory_mb": 7.5,
      "command": "/opt/homebrew/Cellar/python@3.13/3.13.7/Frameworks/Python.framework/Versions/3.13/Resources/Python.app/Contents/MacOS/Python /Users/ranger/scripts/Rangers_Stuff/browser-2025/RangerOS/04-ai-integration/dj_manager_living.py --daemon",
      "matched_pattern": "dj_manager_living.py.*--daemon",
      "process_name": "Python",
      "status": "running",
      "create_time": 1757320774.111216,
      "cwd": "/Users/ranger/scripts/Rangers_Stuff/browser-2025/RangerOS",
      "cmdline": [
        "/opt/homebrew/Cellar/python@3.13/3.13.7/Frameworks/Python.framework/Versions/3.13/Resources/Python.app/Contents/MacOS/Python",
        "/Users/ranger/scripts/Rangers_Stuff/browser-2025/RangerOS/04-ai-integration/dj_manager_living.py",
        "--daemon"
      ],
      "connections": [],
      "threads": 1,
      "memory_percent": 0.040520562065972224,
      "capture_time": "2025-09-15T23:00:13.733510",
      "survival_priority": "CRITICAL-IRISH-MANAGEMENT",
      "daemon_status": true,
      "phantom_candidate": true
    },
    {
      "pid": 59524,
      "user": "ranger",
      "cpu_percent": "0.0",
      "memory_kb": 7840,
      "memory_mb": 7.7,
      "command": "/opt/homebrew/Cellar/python@3.13/3.13.7/Frameworks/Python.framework/Versions/3.13/Resources/Python.app/Contents/MacOS/Python /Users/ranger/scripts/Rangers_Stuff/browser-2025/RangerOS/04-ai-integration/restaurant_manager_living.py --daemon",
      "matched_pattern": "restaurant_manager_living.py.*--daemon",
      "process_name": "Python",
      "status": "running",
      "create_time": 1757320772.102812,
      "cwd": "/Users/ranger/scripts/Rangers_Stuff/browser-2025/RangerOS",
      "cmdline": [
        "/opt/homebrew/Cellar/python@3.13/3.13.7/Frameworks/Python.framework/Versions/3.13/Resources/Python.app/Contents/MacOS/Python",
        "/Users/ranger/scripts/Rangers_Stuff/browser-2025/RangerOS/04-ai-integration/restaurant_manager_living.py",
        "--daemon"
      ],
      "connections": [],
      "threads": 1,
      "memory_percent": 0.04153781467013889,
      "capture_time": "2025-09-15T23:00:13.733510",
      "survival_priority": "CRITICAL-IRISH-MANAGEMENT",
      "daemon_status": true,
      "phantom_candidate": true
    },
    {
      "pid": 1764,
      "user": "ranger",
      "cpu_percent": "0.0",
      "memory_kb": 21408,
      "memory_mb": 20.9,
      "command": "/opt/homebrew/Cellar/python@3.13/3.13.7/Frameworks/Python.framework/Versions/3.13/Resources/Python.app/Contents/MacOS/Python 04-ai-integration/mcp_sleep_controller.py",
      "matched_pattern": "mcp_sleep_controller.py",
      "process_name": "Python",
      "status": "running",
      "create_time": 1757289132.453901,
      "cwd": "/Users/ranger/scripts/Rangers_Stuff/browser-2025/RangerOS",
      "cmdline": [
        "/opt/homebrew/Cellar/python@3.13/3.13.7/Frameworks/Python.framework/Versions/3.13/Resources/Python.app/Contents/MacOS/Python",
        "04-ai-integration/mcp_sleep_controller.py"
      ],
      "connections": [],
      "threads": 2,
      "memory_percent": 0.11342366536458333,
      "capture_time": "2025-09-15T23:00:13.733510",
      "survival_priority": "LOW-SUPPORTING",
      "daemon_status": false,
      "phantom_candidate": false
    },
    {
      "pid": 1762,
      "user": "ranger",
      "cpu_percent": "0.0",
      "memory_kb": 8208,
      "memory_mb": 8.0,
      "command": "/opt/homebrew/Cellar/python@3.13/3.13.7/Frameworks/Python.framework/Versions/3.13/Resources/Python.app/Contents/MacOS/Python 04-ai-integration/display_traffic_controller.py",
      "matched_pattern": "display_traffic_controller.py",
      "process_name": "Python",
      "status": "running",
      "create_time": 1757289132.433798,
      "cwd": "/Users/ranger/scripts/Rangers_Stuff/browser-2025/RangerOS",
      "cmdline": [
        "/opt/homebrew/Cellar/python@3.13/3.13.7/Frameworks/Python.framework/Versions/3.13/Resources/Python.app/Contents/MacOS/Python",
        "04-ai-integration/display_traffic_controller.py"
      ],
      "connections": [],
      "threads": 2,
      "memory_percent": 0.043487548828125,
      "capture_time": "2025-09-15T23:00:13.733510",
      "survival_priority": "LOW-SUPPORTING",
      "daemon_status": false,
      "phantom_candidate": false
    },
    {
      "pid": 1755,
      "user": "ranger",
      "cpu_percent": "0.0",
      "memory_kb": 3568,
      "memory_mb": 3.5,
      "command": "python3 03-web-interfaces/mcp_server_api.py",
      "matched_pattern": "mcp_server_api.py",
      "process_name": "python3.11",
      "status": "running",
      "create_time": 1757289129.379351,
      "cwd": "/Users/ranger/scripts/Rangers_Stuff/browser-2025/RangerOS",
      "cmdline": [
        "python3",
        "03-web-interfaces/mcp_server_api.py"
      ],
      "connections": [
        {
          "local_port": 8085,
          "status": "LISTEN"
        }
      ],
      "threads": 1,
      "memory_percent": 0.018903944227430556,
      "capture_time": "2025-09-15T23:00:13.733510",
      "survival_priority": "LOW-SUPPORTING",
      "daemon_status": false,
      "phantom_candidate": false
    }
  ],
  "restoration_script": "/Users/ranger/.rangeros_vault/restore_phantom_processes_enhanced.sh",
  "zshrc_commands": "Available via ~/.zshrc rangeros-restore functions"
}